Waypoint,swing_to_boom_pos,boom_to_arm_pos,arm_to_bucket_pos,swing_to_boom_deg,boom_to_arm_deg,arm_to_bucket_deg,swing_to_boom_vel,boom_to_arm_vel,arm_to_bucket_vel,time_from_start_s
0,-0.299433,-0.434442,0.371503,-17.1562,-24.8917,21.2856,0,0,-0,0
1,-0.298366,-0.432642,0.370396,-17.0951,-24.7886,21.2221,0.0118506,0.02,-0.0122997,0.1
2,-0.297181,-0.430642,0.369166,-17.0272,-24.674,21.1517,0.0118506,0.02,-0.0122997,0.2
3,-0.295996,-0.428642,0.367936,-16.9593,-24.5594,21.0812,0.0118506,0.02,-0.0122997,0.3
4,-0.294811,-0.426642,0.366706,-16.8914,-24.4448,21.0107,0.0118506,0.02,-0.0122997,0.4
5,-0.293626,-0.424642,0.365476,-16.8235,-24.3302,20.9402,0.0118506,0.02,-0.0122997,0.5
6,-0.292441,-0.422642,0.364246,-16.7556,-24.2156,20.8698,0.0118506,0.02,-0.0122997,0.6
7,-0.291256,-0.420642,0.363016,-16.6877,-24.101,20.7993,0.0118506,0.02,-0.0122997,0.7
8,-0.290071,-0.418642,0.361786,-16.6198,-23.9864,20.7288,0.0118506,0.02,-0.0122997,0.8
9,-0.288886,-0.416642,0.360556,-16.5519,-23.8718,20.6584,0.0118506,0.02,-0.0122997,0.9
10,-0.287701,-0.414642,0.359326,-16.484,-23.7572,20.5879,0.0118506,0.02,-0.0122997,1
11,-0.286516,-0.412642,0.358096,-16.4161,-23.6426,20.5174,0.0118506,0.02,-0.0122997,1.1
12,-0.285331,-0.410642,0.356866,-16.3482,-23.5281,20.4469,0.0118506,0.02,-0.0122997,1.2
13,-0.284146,-0.408642,0.355636,-16.2804,-23.4135,20.3765,0.0118506,0.02,-0.0122997,1.3
14,-0.282961,-0.406642,0.354406,-16.2125,-23.2989,20.306,0.0118506,0.02,-0.0122997,1.4
15,-0.281776,-0.404642,0.353176,-16.1446,-23.1843,20.2355,0.0118506,0.02,-0.0122997,1.5
16,-0.280591,-0.402642,0.351946,-16.0767,-23.0697,20.165,0.0118506,0.02,-0.0122997,1.6
17,-0.279405,-0.400642,0.350716,-16.0088,-22.9551,20.0946,0.0118506,0.02,-0.0122997,1.7
18,-0.27822,-0.398642,0.349487,-15.9409,-22.8405,20.0241,0.0118506,0.02,-0.0122997,1.8
19,-0.277035,-0.396642,0.348257,-15.873,-22.7259,19.9536,0.0118506,0.02,-0.0122997,1.9
20,-0.27585,-0.394642,0.347027,-15.8051,-22.6113,19.8832,0.0118506,0.02,-0.0122997,2
21,-0.274665,-0.392642,0.345797,-15.7372,-22.4967,19.8127,0.0118506,0.02,-0.0122997,2.1
22,-0.27348,-0.390642,0.344567,-15.6693,-22.3821,19.7422,0.0118506,0.02,-0.0122997,2.2
23,-0.272295,-0.388642,0.343337,-15.6014,-22.2675,19.6717,0.0118506,0.02,-0.0122997,2.3
24,-0.27111,-0.386642,0.342107,-15.5335,-22.153,19.6013,0.0118506,0.02,-0.0122997,2.4
25,-0.269925,-0.384642,0.340877,-15.4656,-22.0384,19.5308,0.0118506,0.02,-0.0122997,2.5
26,-0.26874,-0.382642,0.339647,-15.3977,-21.9238,19.4603,0.0118506,0.02,-0.0122997,2.6
27,-0.267555,-0.380642,0.338417,-15.3298,-21.8092,19.3899,0.0118506,0.02,-0.0122997,2.7
28,-0.26637,-0.378642,0.337187,-15.2619,-21.6946,19.3194,0.0118506,0.02,-0.0122997,2.8
29,-0.265185,-0.376642,0.335957,-15.194,-21.58,19.2489,0.0118506,0.02,-0.0122997,2.9
30,-0.264,-0.374642,0.334727,-15.1261,-21.4654,19.1784,0.0118506,0.02,-0.0122997,3
31,-0.262815,-0.372642,0.333497,-15.0582,-21.3508,19.108,0.0118506,0.02,-0.0122997,3.1
32,-0.26163,-0.370642,0.332267,-14.9903,-21.2362,19.0375,0.0118506,0.02,-0.0122997,3.2
33,-0.260445,-0.368642,0.331037,-14.9224,-21.1216,18.967,0.0118506,0.02,-0.0122997,3.3
34,-0.259259,-0.366642,0.329807,-14.8545,-21.007,18.8965,0.0118506,0.02,-0.0122997,3.4
35,-0.258074,-0.364642,0.328577,-14.7866,-20.8924,18.8261,0.0118506,0.02,-0.0122997,3.5
36,-0.256889,-0.362642,0.327347,-14.7187,-20.7779,18.7556,0.0118506,0.02,-0.0122997,3.6
37,-0.255704,-0.360642,0.326117,-14.6508,-20.6633,18.6851,0.0118506,0.02,-0.0122997,3.7
38,-0.254519,-0.358642,0.324887,-14.5829,-20.5487,18.6147,0.0118506,0.02,-0.0122997,3.8
39,-0.253334,-0.356642,0.323657,-14.515,-20.4341,18.5442,0.0118506,0.02,-0.0122997,3.9
40,-0.252149,-0.354642,0.322427,-14.4471,-20.3195,18.4737,0.0118506,0.02,-0.0122997,4
41,-0.250964,-0.352642,0.321197,-14.3792,-20.2049,18.4032,0.0118506,0.02,-0.0122997,4.1
42,-0.249779,-0.350642,0.319967,-14.3113,-20.0903,18.3328,0.0118506,0.02,-0.0122997,4.2
43,-0.248594,-0.348642,0.318737,-14.2434,-19.9757,18.2623,0.0118506,0.02,-0.0122997,4.3
44,-0.247409,-0.346642,0.317507,-14.1755,-19.8611,18.1918,0.0118506,0.02,-0.0122997,4.4
45,-0.246224,-0.344642,0.316277,-14.1076,-19.7465,18.1214,0.0118506,0.02,-0.0122997,4.5
46,-0.245039,-0.342642,0.315047,-14.0397,-19.6319,18.0509,0.0118506,0.02,-0.0122997,4.6
47,-0.243854,-0.340642,0.313817,-13.9718,-19.5173,17.9804,0.0118506,0.02,-0.0122997,4.7
48,-0.242669,-0.338642,0.312587,-13.9039,-19.4028,17.9099,0.0118506,0.02,-0.0122997,4.8
49,-0.241484,-0.336642,0.311357,-13.836,-19.2882,17.8395,0.0118506,0.02,-0.0122997,4.9
50,-0.240298,-0.334642,0.310127,-13.7681,-19.1736,17.769,0.0118506,0.02,-0.0122997,5
51,-0.239113,-0.332642,0.308897,-13.7002,-19.059,17.6985,0.0118506,0.02,-0.0122997,5.1
52,-0.237928,-0.330642,0.307667,-13.6323,-18.9444,17.628,0.0118506,0.02,-0.0122997,5.2
53,-0.236743,-0.328642,0.306437,-13.5644,-18.8298,17.5576,0.0118506,0.02,-0.0122997,5.3
54,-0.235558,-0.326642,0.305208,-13.4965,-18.7152,17.4871,0.0118506,0.02,-0.0122997,5.4
55,-0.234373,-0.324642,0.303978,-13.4286,-18.6006,17.4166,0.0118506,0.02,-0.0122997,5.5
56,-0.233188,-0.322642,0.302748,-13.3607,-18.486,17.3462,0.0118506,0.02,-0.0122997,5.6
57,-0.232003,-0.320642,0.301518,-13.2928,-18.3714,17.2757,0.0118506,0.02,-0.0122997,5.7
58,-0.230818,-0.318642,0.300288,-13.2249,-18.2568,17.2052,0.0118506,0.02,-0.0122997,5.8
59,-0.229633,-0.316642,0.299058,-13.157,-18.1423,17.1347,0.0118506,0.02,-0.0122997,5.9
60,-0.228448,-0.314642,0.297828,-13.0891,-18.0277,17.0643,0.0118506,0.02,-0.0122997,6
61,-0.227263,-0.312642,0.296598,-13.0212,-17.9131,16.9938,0.0118506,0.02,-0.0122997,6.1
62,-0.226078,-0.310642,0.295368,-12.9533,-17.7985,16.9233,0.0118506,0.02,-0.0122997,6.2
63,-0.224893,-0.308642,0.294138,-12.8854,-17.6839,16.8529,0.0118506,0.02,-0.0122997,6.3
64,-0.223708,-0.306642,0.292908,-12.8175,-17.5693,16.7824,0.0118506,0.02,-0.0122997,6.4
65,-0.222523,-0.304642,0.291678,-12.7496,-17.4547,16.7119,0.0118506,0.02,-0.0122997,6.5
66,-0.221338,-0.302642,0.290448,-12.6817,-17.3401,16.6414,0.0118506,0.02,-0.0122997,6.6
67,-0.220152,-0.300642,0.289218,-12.6138,-17.2255,16.571,0.0118506,0.02,-0.0122997,6.7
68,-0.218967,-0.298642,0.287988,-12.5459,-17.1109,16.5005,0.0118506,0.02,-0.0122997,6.8
69,-0.217782,-0.296642,0.286758,-12.478,-16.9963,16.43,0.0118506,0.02,-0.0122997,6.9
70,-0.216597,-0.294642,0.285528,-12.4101,-16.8817,16.3595,0.0118506,0.02,-0.0122997,7
71,-0.215412,-0.292642,0.284298,-12.3422,-16.7672,16.2891,0.0118506,0.02,-0.0122997,7.1
72,-0.214227,-0.290642,0.283068,-12.2743,-16.6526,16.2186,0.0118506,0.02,-0.0122997,7.2
73,-0.213042,-0.288642,0.281838,-12.2064,-16.538,16.1481,0.0118506,0.02,-0.0122997,7.3
74,-0.211857,-0.286642,0.280608,-12.1385,-16.4234,16.0777,0.0118506,0.02,-0.0122997,7.4
75,-0.210672,-0.284642,0.279378,-12.0706,-16.3088,16.0072,0.0118506,0.02,-0.0122997,7.5
76,-0.209487,-0.282642,0.278148,-12.0027,-16.1942,15.9367,0.0118506,0.02,-0.0122997,7.6
77,-0.208302,-0.280642,0.276918,-11.9348,-16.0796,15.8662,0.0118506,0.02,-0.0122997,7.7
78,-0.207117,-0.278642,0.275688,-11.8669,-15.965,15.7958,0.0118506,0.02,-0.0122997,7.8
79,-0.205932,-0.276642,0.274458,-11.799,-15.8504,15.7253,0.0118506,0.02,-0.0122997,7.9
80,-0.204747,-0.274642,0.273228,-11.7311,-15.7358,15.6548,0.0118506,0.02,-0.0122997,8
81,-0.203562,-0.272642,0.271998,-11.6632,-15.6212,15.5844,0.0118506,0.02,-0.0122997,8.1
82,-0.202377,-0.270642,0.270768,-11.5953,-15.5066,15.5139,0.0118506,0.02,-0.0122997,8.2
83,-0.201192,-0.268642,0.269538,-11.5274,-15.3921,15.4434,0.0118506,0.02,-0.0122997,8.3
84,-0.200006,-0.266642,0.268308,-11.4595,-15.2775,15.3729,0.0118506,0.02,-0.0122997,8.4
85,-0.198821,-0.264642,0.267078,-11.3916,-15.1629,15.3025,0.0118506,0.02,-0.0122997,8.5
86,-0.197636,-0.262642,0.265848,-11.3237,-15.0483,15.232,0.0118506,0.02,-0.0122997,8.6
87,-0.196451,-0.260642,0.264618,-11.2558,-14.9337,15.1615,0.0118506,0.02,-0.0122997,8.7
88,-0.195266,-0.258642,0.263388,-11.1879,-14.8191,15.091,0.0118506,0.02,-0.0122997,8.8
89,-0.194081,-0.256642,0.262159,-11.12,-14.7045,15.0206,0.0118506,0.02,-0.0122997,8.9
90,-0.192896,-0.254642,0.260929,-11.0521,-14.5899,14.9501,0.0118506,0.02,-0.0122997,9
91,-0.191711,-0.252642,0.259699,-10.9842,-14.4753,14.8796,0.0118506,0.02,-0.0122997,9.1
92,-0.190526,-0.250642,0.258469,-10.9163,-14.3607,14.8092,0.0118506,0.02,-0.0122997,9.2
93,-0.189341,-0.248642,0.257239,-10.8484,-14.2461,14.7387,0.0118506,0.02,-0.0122997,9.3
94,-0.188156,-0.246642,0.256009,-10.7805,-14.1315,14.6682,0.0118506,0.02,-0.0122997,9.4
95,-0.186971,-0.244642,0.254779,-10.7126,-14.017,14.5977,0.0118506,0.02,-0.0122997,9.5
96,-0.185786,-0.242642,0.253549,-10.6447,-13.9024,14.5273,0.0118506,0.02,-0.0122997,9.6
97,-0.184601,-0.240642,0.252319,-10.5768,-13.7878,14.4568,0.0118506,0.02,-0.0122997,9.7
98,-0.183416,-0.238642,0.251089,-10.5089,-13.6732,14.3863,0.0118506,0.02,-0.0122997,9.8
99,-0.182231,-0.236642,0.249859,-10.441,-13.5586,14.3159,0.0118506,0.02,-0.0122997,9.9
100,-0.181045,-0.234642,0.248629,-10.3731,-13.444,14.2454,0.0118506,0.02,-0.0122997,10
101,-0.17986,-0.232642,0.247399,-10.3052,-13.3294,14.1749,0.0118506,0.02,-0.0122997,10.1
102,-0.178675,-0.230642,0.246169,-10.2373,-13.2148,14.1044,0.0118506,0.02,-0.0122997,10.2
103,-0.17749,-0.228642,0.244939,-10.1694,-13.1002,14.034,0.0118506,0.02,-0.0122997,10.3
104,-0.176305,-0.226642,0.243709,-10.1015,-12.9856,13.9635,0.0118506,0.02,-0.0122997,10.4
105,-0.17512,-0.224642,0.242479,-10.0336,-12.871,13.893,0.0118506,0.02,-0.0122997,10.5
106,-0.173935,-0.222642,0.241249,-9.96575,-12.7564,13.8225,0.0118506,0.02,-0.0122997,10.6
107,-0.17275,-0.220642,0.240019,-9.89785,-12.6419,13.7521,0.0118506,0.02,-0.0122997,10.7
108,-0.171565,-0.218642,0.238789,-9.82995,-12.5273,13.6816,0.0118506,0.02,-0.0122997,10.8
109,-0.17038,-0.216642,0.237559,-9.76205,-12.4127,13.6111,0.0118506,0.02,-0.0122997,10.9
110,-0.169195,-0.214642,0.236329,-9.69415,-12.2981,13.5407,0.0118506,0.02,-0.0122997,11
111,-0.16801,-0.212642,0.235099,-9.62625,-12.1835,13.4702,0.0118506,0.02,-0.0122997,11.1
112,-0.166825,-0.210642,0.233869,-9.55835,-12.0689,13.3997,0.0118506,0.02,-0.0122997,11.2
113,-0.16564,-0.208642,0.232639,-9.49046,-11.9543,13.3292,0.0118506,0.02,-0.0122997,11.3
114,-0.164455,-0.206642,0.231409,-9.42256,-11.8397,13.2588,0.0118506,0.02,-0.0122997,11.4
115,-0.16327,-0.204642,0.230179,-9.35466,-11.7251,13.1883,0.0118506,0.02,-0.0122997,11.5
116,-0.162085,-0.202642,0.228949,-9.28676,-11.6105,13.1178,0.0118506,0.02,-0.0122997,11.6
117,-0.160899,-0.200642,0.227719,-9.21886,-11.4959,13.0474,0.0118506,0.02,-0.0122997,11.7
118,-0.159714,-0.198642,0.226489,-9.15096,-11.3813,12.9769,0.0118506,0.02,-0.0122997,11.8
119,-0.158529,-0.196642,0.225259,-9.08306,-11.2668,12.9064,0.0118506,0.02,-0.0122997,11.9
120,-0.157344,-0.194642,0.224029,-9.01516,-11.1522,12.8359,0.0118506,0.02,-0.0122997,12
121,-0.156159,-0.192642,0.222799,-8.94726,-11.0376,12.7655,0.0118506,0.02,-0.0122997,12.1
122,-0.154974,-0.190642,0.221569,-8.87936,-10.923,12.695,0.0118506,0.02,-0.0122997,12.2
123,-0.153789,-0.188642,0.220339,-8.81147,-10.8084,12.6245,0.0118506,0.02,-0.0122997,12.3
124,-0.152604,-0.186642,0.21911,-8.74357,-10.6938,12.554,0.0118506,0.02,-0.0122997,12.4
125,-0.151419,-0.184642,0.21788,-8.67567,-10.5792,12.4836,0.0118506,0.02,-0.0122997,12.5
126,-0.150234,-0.182642,0.21665,-8.60777,-10.4646,12.4131,0.0118506,0.02,-0.0122997,12.6
127,-0.149049,-0.180642,0.21542,-8.53987,-10.35,12.3426,0.0118506,0.02,-0.0122997,12.7
128,-0.147864,-0.178642,0.21419,-8.47197,-10.2354,12.2722,0.0118506,0.02,-0.0122997,12.8
129,-0.146679,-0.176642,0.21296,-8.40407,-10.1208,12.2017,0.0118506,0.02,-0.0122997,12.9
130,-0.145494,-0.174642,0.21173,-8.33617,-10.0062,12.1312,0.0118506,0.02,-0.0122997,13
131,-0.144309,-0.172642,0.2105,-8.26827,-9.89166,12.0607,0.0118506,0.02,-0.0122997,13.1
132,-0.143124,-0.170642,0.20927,-8.20038,-9.77707,11.9903,0.0118506,0.02,-0.0122997,13.2
133,-0.141938,-0.168642,0.20804,-8.13248,-9.66247,11.9198,0.0118506,0.02,-0.0122997,13.3
134,-0.140753,-0.166642,0.20681,-8.06458,-9.54788,11.8493,0.0118506,0.02,-0.0122997,13.4
135,-0.139568,-0.164642,0.20558,-7.99668,-9.43329,11.7789,0.0118506,0.02,-0.0122997,13.5
136,-0.138383,-0.162642,0.20435,-7.92878,-9.3187,11.7084,0.0118506,0.02,-0.0122997,13.6
137,-0.137198,-0.160642,0.20312,-7.86088,-9.20411,11.6379,0.0118506,0.02,-0.0122997,13.7
138,-0.136013,-0.158642,0.20189,-7.79298,-9.08952,11.5674,0.0118506,0.02,-0.0122997,13.8
139,-0.134828,-0.156642,0.20066,-7.72508,-8.97493,11.497,0.0118506,0.02,-0.0122997,13.9
140,-0.133643,-0.154642,0.19943,-7.65718,-8.86033,11.4265,0.0118506,0.02,-0.0122997,14
141,-0.132458,-0.152642,0.1982,-7.58928,-8.74574,11.356,0.0118506,0.02,-0.0122997,14.1
142,-0.131273,-0.150642,0.19697,-7.52139,-8.63115,11.2856,0.0118506,0.02,-0.0122997,14.2
143,-0.130088,-0.148642,0.19574,-7.45349,-8.51656,11.2151,0.0118506,0.02,-0.0122997,14.3
144,-0.128903,-0.146642,0.19451,-7.38559,-8.40197,11.1446,0.0118506,0.02,-0.0122997,14.4
145,-0.127718,-0.144642,0.19328,-7.31769,-8.28738,11.0741,0.0118506,0.02,-0.0122997,14.5
146,-0.126533,-0.142642,0.19205,-7.24979,-8.17278,11.0037,0.0118506,0.02,-0.0122997,14.6
147,-0.125348,-0.140642,0.19082,-7.18189,-8.05819,10.9332,0.0118506,0.02,-0.0122997,14.7
148,-0.124163,-0.138642,0.18959,-7.11399,-7.9436,10.8627,0.0118506,0.02,-0.0122997,14.8
149,-0.122978,-0.136642,0.18836,-7.04609,-7.82901,10.7922,0.0118506,0.02,-0.0122997,14.9
150,-0.121792,-0.134642,0.18713,-6.97819,-7.71442,10.7218,0.0118506,0.02,-0.0122997,15
151,-0.120607,-0.132642,0.1859,-6.91029,-7.59983,10.6513,0.0118506,0.02,-0.0122997,15.1
152,-0.119422,-0.130642,0.18467,-6.8424,-7.48524,10.5808,0.0118506,0.02,-0.0122997,15.2
153,-0.118237,-0.128642,0.18344,-6.7745,-7.37064,10.5104,0.0118506,0.02,-0.0122997,15.3
154,-0.117052,-0.126642,0.18221,-6.7066,-7.25605,10.4399,0.0118506,0.02,-0.0122997,15.4
155,-0.115867,-0.124642,0.18098,-6.6387,-7.14146,10.3694,0.0118506,0.02,-0.0122997,15.5
156,-0.114682,-0.122642,0.17975,-6.5708,-7.02687,10.2989,0.0118506,0.02,-0.0122997,15.6
157,-0.113497,-0.120642,0.17852,-6.5029,-6.91228,10.2285,0.0118506,0.02,-0.0122997,15.7
158,-0.112312,-0.118642,0.17729,-6.435,-6.79769,10.158,0.0118506,0.02,-0.0122997,15.8
159,-0.111127,-0.116642,0.17606,-6.3671,-6.68309,10.0875,0.0118506,0.02,-0.0122997,15.9
160,-0.109942,-0.114642,0.174831,-6.2992,-6.5685,10.0171,0.0118506,0.02,-0.0122997,16
161,-0.108757,-0.112642,0.173601,-6.23131,-6.45391,9.94658,0.0118506,0.02,-0.0122997,16.1
162,-0.107572,-0.110642,0.172371,-6.16341,-6.33932,9.87611,0.0118506,0.02,-0.0122997,16.2
163,-0.106387,-0.108642,0.171141,-6.09551,-6.22473,9.80563,0.0118506,0.02,-0.0122997,16.3
164,-0.105202,-0.106642,0.169911,-6.02761,-6.11014,9.73516,0.0118506,0.02,-0.0122997,16.4
165,-0.104017,-0.104642,0.168681,-5.95971,-5.99554,9.66469,0.0118506,0.02,-0.0122997,16.5
166,-0.102831,-0.102642,0.167451,-5.89181,-5.88095,9.59422,0.0118506,0.02,-0.0122997,16.6
167,-0.101646,-0.100642,0.166221,-5.82391,-5.76636,9.52375,0.0118506,0.02,-0.0122997,16.7
168,-0.100461,-0.098642,0.164991,-5.75601,-5.65177,9.45327,0.0118506,0.02,-0.0122997,16.8
169,-0.0992763,-0.096642,0.163761,-5.68811,-5.53718,9.3828,0.0118506,0.02,-0.0122997,16.9
170,-0.0980913,-0.094642,0.162531,-5.62021,-5.42259,9.31233,0.0118506,0.02,-0.0122997,17
171,-0.0969062,-0.092642,0.161301,-5.55232,-5.308,9.24186,0.0118506,0.02,-0.0122997,17.1
172,-0.0957211,-0.090642,0.160071,-5.48442,-5.1934,9.17138,0.0118506,0.02,-0.0122997,17.2
173,-0.0945361,-0.088642,0.158841,-5.41652,-5.07881,9.10091,0.0118506,0.02,-0.0122997,17.3
174,-0.093351,-0.086642,0.157611,-5.34862,-4.96422,9.03044,0.0118506,0.02,-0.0122997,17.4
175,-0.092166,-0.084642,0.156381,-5.28072,-4.84963,8.95997,0.0118506,0.02,-0.0122997,17.5
176,-0.0909809,-0.082642,0.155151,-5.21282,-4.73504,8.8895,0.0118506,0.02,-0.0122997,17.6
177,-0.0897958,-0.080642,0.153921,-5.14492,-4.62045,8.81902,0.0118506,0.02,-0.0122997,17.7
178,-0.0886108,-0.078642,0.152691,-5.07702,-4.50585,8.74855,0.0118506,0.02,-0.0122997,17.8
179,-0.0874257,-0.076642,0.151461,-5.00912,-4.39126,8.67808,0.0118506,0.02,-0.0122997,17.9
180,-0.0862407,-0.074642,0.150231,-4.94123,-4.27667,8.60761,0.0118506,0.02,-0.0122997,18
181,-0.0850556,-0.072642,0.149001,-4.87333,-4.16208,8.53714,0.0118506,0.02,-0.0122997,18.1
182,-0.0838705,-0.070642,0.147771,-4.80543,-4.04749,8.46666,0.0118506,0.02,-0.0122997,18.2
183,-0.0826855,-0.068642,0.146541,-4.73753,-3.9329,8.39619,0.0118506,0.02,-0.0122997,18.3
184,-0.0815004,-0.066642,0.145311,-4.66963,-3.81831,8.32572,0.0118506,0.02,-0.0122997,18.4
185,-0.0803153,-0.064642,0.144081,-4.60173,-3.70371,8.25525,0.0118506,0.02,-0.0122997,18.5
186,-0.0791303,-0.062642,0.142851,-4.53383,-3.58912,8.18477,0.0118506,0.02,-0.0122997,18.6
187,-0.0779452,-0.060642,0.141621,-4.46593,-3.47453,8.1143,0.0118506,0.02,-0.0122997,18.7
188,-0.0767602,-0.058642,0.140391,-4.39803,-3.35994,8.04383,0.0118506,0.02,-0.0122997,18.8
189,-0.0755751,-0.056642,0.139161,-4.33013,-3.24535,7.97336,0.0118506,0.02,-0.0122997,18.9
190,-0.07439,-0.054642,0.137931,-4.26224,-3.13076,7.90289,0.0118506,0.02,-0.0122997,19
191,-0.073205,-0.052642,0.136701,-4.19434,-3.01616,7.83241,0.0118506,0.02,-0.0122997,19.1
192,-0.0720199,-0.050642,0.135471,-4.12644,-2.90157,7.76194,0.0118506,0.02,-0.0122997,19.2
193,-0.0708349,-0.048642,0.134241,-4.05854,-2.78698,7.69147,0.0118506,0.02,-0.0122997,19.3
194,-0.0696498,-0.046642,0.133011,-3.99064,-2.67239,7.621,0.0118506,0.02,-0.0122997,19.4
195,-0.0684647,-0.044642,0.131782,-3.92274,-2.5578,7.55052,0.0118506,0.02,-0.0122997,19.5
196,-0.0672797,-0.042642,0.130552,-3.85484,-2.44321,7.48005,0.0118506,0.02,-0.0122997,19.6
197,-0.0660946,-0.040642,0.129322,-3.78694,-2.32862,7.40958,0.0118506,0.02,-0.0122997,19.7
198,-0.0649096,-0.038642,0.128092,-3.71904,-2.21402,7.33911,0.0118506,0.02,-0.0122997,19.8
199,-0.0637245,-0.036642,0.126862,-3.65115,-2.09943,7.26864,0.0118506,0.02,-0.0122997,19.9
200,-0.0625394,-0.034642,0.125632,-3.58325,-1.98484,7.19816,0.0118506,0.02,-0.0122997,20
201,-0.0613544,-0.032642,0.124402,-3.51535,-1.87025,7.12769,0.0118506,0.02,-0.0122997,20.1
202,-0.0601693,-0.030642,0.123172,-3.44745,-1.75566,7.05722,0.0118506,0.02,-0.0122997,20.2
203,-0.0589843,-0.028642,0.121942,-3.37955,-1.64107,6.98675,0.0118506,0.02,-0.0122997,20.3
204,-0.0577992,-0.026642,0.120712,-3.31165,-1.52647,6.91627,0.0118506,0.02,-0.0122997,20.4
205,-0.0566141,-0.024642,0.119482,-3.24375,-1.41188,6.8458,0.0118506,0.02,-0.0122997,20.5
206,-0.0554291,-0.022642,0.118252,-3.17585,-1.29729,6.77533,0.0118506,0.02,-0.0122997,20.6
207,-0.054244,-0.020642,0.117022,-3.10795,-1.1827,6.70486,0.0118506,0.02,-0.0122997,20.7
208,-0.053059,-0.018642,0.115792,-3.04005,-1.06811,6.63439,0.0118506,0.02,-0.0122997,20.8
209,-0.0518739,-0.016642,0.114562,-2.97216,-0.953516,6.56391,0.0118506,0.02,-0.0122997,20.9
210,-0.0506888,-0.014642,0.113332,-2.90426,-0.838925,6.49344,0.0118506,0.02,-0.0122997,21
211,-0.0495038,-0.012642,0.112102,-2.83636,-0.724333,6.42297,0.0118506,0.02,-0.0122997,21.1
212,-0.0483187,-0.010642,0.110872,-2.76846,-0.609742,6.3525,0.0118506,0.02,-0.0122997,21.2
213,-0.0471337,-0.008642,0.109642,-2.70056,-0.49515,6.28203,0.0118506,0.02,-0.0122997,21.3
214,-0.0459486,-0.006642,0.108412,-2.63266,-0.380559,6.21155,0.0118506,0.02,-0.0122997,21.4
215,-0.0447635,-0.004642,0.107182,-2.56476,-0.265967,6.14108,0.0118506,0.02,-0.0122997,21.5
216,-0.0435785,-0.002642,0.105952,-2.49686,-0.151375,6.07061,0.0118506,0.02,-0.0122997,21.6
217,-0.0423934,-0.000642,0.104722,-2.42896,-0.0367839,6.00014,0.0118506,0.02,-0.0122997,21.7
218,-0.0412084,0.001358,0.103492,-2.36107,0.0778077,5.92966,0.0118506,0.02,-0.0122997,21.8
219,-0.0400233,0.003358,0.102262,-2.29317,0.192399,5.85919,0.0118506,0.02,-0.0122997,21.9
220,-0.0388382,0.005358,0.101032,-2.22527,0.306991,5.78872,0.0118506,0.02,-0.0122997,22
221,-0.0376532,0.007358,0.0998022,-2.15737,0.421582,5.71825,0.0118506,0.02,-0.0122997,22.1
222,-0.0364681,0.009358,0.0985723,-2.08947,0.536174,5.64778,0.0118506,0.02,-0.0122997,22.2
223,-0.0352831,0.011358,0.0973423,-2.02157,0.650765,5.5773,0.0118506,0.02,-0.0122997,22.3
224,-0.034098,0.013358,0.0961123,-1.95367,0.765357,5.50683,0.0118506,0.02,-0.0122997,22.4
225,-0.0329129,0.015358,0.0948824,-1.88577,0.879949,5.43636,0.0118506,0.02,-0.0122997,22.5
226,-0.0317279,0.017358,0.0936524,-1.81787,0.99454,5.36589,0.0118506,0.02,-0.0122997,22.6
227,-0.0305428,0.019358,0.0924224,-1.74997,1.10913,5.29541,0.0118506,0.02,-0.0122997,22.7
228,-0.0293578,0.021358,0.0911924,-1.68208,1.22372,5.22494,0.0118506,0.02,-0.0122997,22.8
229,-0.0281727,0.023358,0.0899625,-1.61418,1.33831,5.15447,0.0118506,0.02,-0.0122997,22.9
230,-0.0269876,0.025358,0.0887325,-1.54628,1.45291,5.084,0.0118506,0.02,-0.0122997,23
231,-0.0258026,0.027358,0.0875025,-1.47838,1.5675,5.01353,0.0118506,0.02,-0.0122997,23.1
232,-0.0246175,0.029358,0.0862726,-1.41048,1.68209,4.94305,0.0118506,0.02,-0.0122997,23.2
233,-0.0234325,0.031358,0.0850426,-1.34258,1.79668,4.87258,0.0118506,0.02,-0.0122997,23.3
234,-0.0222474,0.033358,0.0838126,-1.27468,1.91127,4.80211,0.0118506,0.02,-0.0122997,23.4
235,-0.0210623,0.035358,0.0825826,-1.20678,2.02586,4.73164,0.0118506,0.02,-0.0122997,23.5
236,-0.0198773,0.037358,0.0813527,-1.13888,2.14046,4.66116,0.0118506,0.02,-0.0122997,23.6
237,-0.0186922,0.039358,0.0801227,-1.07098,2.25505,4.59069,0.0118506,0.02,-0.0122997,23.7
238,-0.0175072,0.041358,0.0788927,-1.00309,2.36964,4.52022,0.0118506,0.02,-0.0122997,23.8
239,-0.0163221,0.043358,0.0776628,-0.935187,2.48423,4.44975,0.0118506,0.02,-0.0122997,23.9
240,-0.015137,0.045358,0.0764328,-0.867288,2.59882,4.37928,0.0118506,0.02,-0.0122997,24
241,-0.013952,0.047358,0.0752028,-0.799389,2.71341,4.3088,0.0118506,0.02,-0.0122997,24.1
242,-0.0127669,0.049358,0.0739728,-0.73149,2.82801,4.23833,0.0118506,0.02,-0.0122997,24.2
243,-0.0115819,0.051358,0.0727429,-0.663591,2.9426,4.16786,0.0118506,0.02,-0.0122997,24.3
244,-0.0103968,0.053358,0.0715129,-0.595692,3.05719,4.09739,0.0118506,0.02,-0.0122997,24.4
245,-0.00921173,0.055358,0.0702829,-0.527793,3.17178,4.02692,0.0118506,0.02,-0.0122997,24.5
246,-0.00802667,0.057358,0.069053,-0.459894,3.28637,3.95644,0.0118506,0.02,-0.0122997,24.6
247,-0.00684161,0.059358,0.067823,-0.391995,3.40096,3.88597,0.0118506,0.02,-0.0122997,24.7
248,-0.00565655,0.061358,0.066593,-0.324096,3.51555,3.8155,0.0118506,0.02,-0.0122997,24.8
249,-0.00447149,0.063358,0.065363,-0.256197,3.63015,3.74503,0.0118506,0.02,-0.0122997,24.9
250,-0.00328643,0.065358,0.0641331,-0.188299,3.74474,3.67455,0.0118506,0.02,-0.0122997,25
251,-0.00210137,0.067358,0.0629031,-0.1204,3.85933,3.60408,0.0118506,0.02,-0.0122997,25.1
252,-0.000916309,0.069358,0.0616731,-0.0525006,3.97392,3.53361,0.0118506,0.02,-0.0122997,25.2
253,0.000268751,0.071358,0.0604432,0.0153983,4.08851,3.46314,0.0118506,0.02,-0.0122997,25.3
254,0.00145381,0.073358,0.0592132,0.0832973,4.2031,3.39267,0.0118506,0.02,-0.0122997,25.4
255,0.00263887,0.075358,0.0579832,0.151196,4.3177,3.32219,0.0118506,0.02,-0.0122997,25.5
256,0.00382393,0.077358,0.0567532,0.219095,4.43229,3.25172,0.0118506,0.02,-0.0122997,25.6
257,0.00500899,0.079358,0.0555233,0.286994,4.54688,3.18125,0.0118506,0.02,-0.0122997,25.7
258,0.00619405,0.081358,0.0542933,0.354893,4.66147,3.11078,0.0118506,0.02,-0.0122997,25.8
259,0.00737911,0.083358,0.0530633,0.422792,4.77606,3.0403,0.0118506,0.02,-0.0122997,25.9
260,0.00856417,0.085358,0.0518334,0.490691,4.89065,2.96983,0.0118506,0.02,-0.0122997,26
261,0.00974923,0.087358,0.0506034,0.55859,5.00524,2.89936,0.0118506,0.02,-0.0122997,26.1
262,0.0109343,0.089358,0.0493734,0.626489,5.11984,2.82889,0.0118506,0.02,-0.0122997,26.2
263,0.0121194,0.091358,0.0481434,0.694388,5.23443,2.75842,0.0118506,0.02,-0.0122997,26.3
264,0.0133044,0.093358,0.0469135,0.762287,5.34902,2.68794,0.0118506,0.02,-0.0122997,26.4
265,0.0144895,0.095358,0.0456835,0.830186,5.46361,2.61747,0.0118506,0.02,-0.0122997,26.5
266,0.0156745,0.097358,0.0444535,0.898085,5.5782,2.547,0.0118506,0.02,-0.0122997,26.6
267,0.0168596,0.099358,0.0432235,0.965984,5.69279,2.47653,0.0118506,0.02,-0.0122997,26.7
268,0.0180447,0.101358,0.0419936,1.03388,5.80739,2.40605,0.0118506,0.02,-0.0122997,26.8
269,0.0192297,0.103358,0.0407636,1.10178,5.92198,2.33558,0.0118506,0.02,-0.0122997,26.9
270,0.0204148,0.105358,0.0395336,1.16968,6.03657,2.26511,0.0118506,0.02,-0.0122997,27
271,0.0215998,0.107358,0.0383037,1.23758,6.15116,2.19464,0.0118506,0.02,-0.0122997,27.1
272,0.0227849,0.109358,0.0370737,1.30548,6.26575,2.12417,0.0118506,0.02,-0.0122997,27.2
273,0.02397,0.111358,0.0358437,1.37338,6.38034,2.05369,0.0118506,0.02,-0.0122997,27.3
274,0.025155,0.113358,0.0346137,1.44128,6.49493,1.98322,0.0118506,0.02,-0.0122997,27.4
275,0.0263401,0.115358,0.0333838,1.50918,6.60953,1.91275,0.0118506,0.02,-0.0122997,27.5
276,0.0275251,0.117358,0.0321538,1.57707,6.72412,1.84228,0.0118506,0.02,-0.0122997,27.6
277,0.0287102,0.119358,0.0309238,1.64497,6.83871,1.7718,0.0118506,0.02,-0.0122997,27.7
278,0.0298953,0.121358,0.0296939,1.71287,6.9533,1.70133,0.0118506,0.02,-0.0122997,27.8
279,0.0310803,0.123358,0.0284639,1.78077,7.06789,1.63086,0.0118506,0.02,-0.0122997,27.9
280,0.0322654,0.125358,0.0272339,1.84867,7.18248,1.56039,0.0118506,0.02,-0.0122997,28
281,0.0334504,0.127358,0.0260039,1.91657,7.29708,1.48992,0.0118506,0.02,-0.0122997,28.1
282,0.0346355,0.129358,0.024774,1.98447,7.41167,1.41944,0.0118506,0.02,-0.0122997,28.2
283,0.0358206,0.131358,0.023544,2.05237,7.52626,1.34897,0.0118506,0.02,-0.0122997,28.3
284,0.0370056,0.133358,0.022314,2.12027,7.64085,1.2785,0.0118506,0.02,-0.0122997,28.4
285,0.0381907,0.135358,0.0210841,2.18816,7.75544,1.20803,0.0118506,0.02,-0.0122997,28.5
286,0.0393757,0.137358,0.0198541,2.25606,7.87003,1.13756,0.0118506,0.02,-0.0122997,28.6
287,0.0405608,0.139358,0.0186241,2.32396,7.98463,1.06708,0.0118506,0.02,-0.0122997,28.7
288,0.0417459,0.141358,0.0173941,2.39186,8.09922,0.996611,0.0118506,0.02,-0.0122997,28.8
289,0.0429309,0.143358,0.0161642,2.45976,8.21381,0.926139,0.0118506,0.02,-0.0122997,28.9
290,0.044116,0.145358,0.0149342,2.52766,8.3284,0.855667,0.0118506,0.02,-0.0122997,29
291,0.045301,0.147358,0.0137042,2.59556,8.44299,0.785194,0.0118506,0.02,-0.0122997,29.1
292,0.0464861,0.149358,0.0124743,2.66346,8.55758,0.714722,0.0118506,0.02,-0.0122997,29.2
293,0.0476712,0.151358,0.0112443,2.73136,8.67217,0.64425,0.0118506,0.02,-0.0122997,29.3
294,0.0488562,0.153358,0.0100143,2.79926,8.78677,0.573778,0.0118506,0.02,-0.0122997,29.4
295,0.0500413,0.155358,0.00878434,2.86715,8.90136,0.503306,0.0118506,0.02,-0.0122997,29.5
296,0.0512263,0.157358,0.00755437,2.93505,9.01595,0.432833,0.0118506,0.02,-0.0122997,29.6
297,0.0524114,0.159358,0.0063244,3.00295,9.13054,0.362361,0.0118506,0.02,-0.0122997,29.7
298,0.0535965,0.161358,0.00509442,3.07085,9.24513,0.291889,0.0118506,0.02,-0.0122997,29.8
299,0.0547815,0.163358,0.00386445,3.13875,9.35972,0.221417,0.0118506,0.02,-0.0122997,29.9
300,0.0559666,0.165358,0.00263448,3.20665,9.47432,0.150945,0.0118506,0.02,-0.0122997,30
301,0.0571516,0.167358,0.00140451,3.27455,9.58891,0.0804725,0.0118506,0.02,-0.0122997,30.1
302,0.0583367,0.169358,0.000174538,3.34245,9.7035,0.0100003,0.0118506,0.02,-0.0122997,30.2
303,0.0595218,0.171358,-0.00105543,3.41035,9.81809,-0.0604719,0.0118506,0.02,-0.0122997,30.3
304,0.0607068,0.173358,-0.00228541,3.47824,9.93268,-0.130944,0.0118506,0.02,-0.0122997,30.4
305,0.0618919,0.175358,-0.00351538,3.54614,10.0473,-0.201416,0.0118506,0.02,-0.0122997,30.5
306,0.0630769,0.177358,-0.00474535,3.61404,10.1619,-0.271888,0.0118506,0.02,-0.0122997,30.6
307,0.064262,0.179358,-0.00597532,3.68194,10.2765,-0.342361,0.0118506,0.02,-0.0122997,30.7
308,0.0654471,0.181358,-0.00720529,3.74984,10.391,-0.412833,0.0118506,0.02,-0.0122997,30.8
309,0.0666321,0.183358,-0.00843526,3.81774,10.5056,-0.483305,0.0118506,0.02,-0.0122997,30.9
310,0.0678172,0.185358,-0.00966524,3.88564,10.6202,-0.553777,0.0118506,0.02,-0.0122997,31
311,0.0690022,0.187358,-0.0108952,3.95354,10.7348,-0.624249,0.0118506,0.02,-0.0122997,31.1
312,0.0701873,0.189358,-0.0121252,4.02144,10.8494,-0.694722,0.0118506,0.02,-0.0122997,31.2
313,0.0713724,0.191358,-0.0133552,4.08934,10.964,-0.765194,0.0118506,0.02,-0.0122997,31.3
314,0.0725574,0.193358,-0.0145851,4.15723,11.0786,-0.835666,0.0118506,0.02,-0.0122997,31.4
315,0.0737425,0.195358,-0.0158151,4.22513,11.1932,-0.906138,0.0118506,0.02,-0.0122997,31.5
316,0.0749276,0.197358,-0.0170451,4.29303,11.3078,-0.97661,0.0118506,0.02,-0.0122997,31.6
317,0.0761126,0.199358,-0.018275,4.36093,11.4224,-1.04708,0.0118506,0.02,-0.0122997,31.7
318,0.0772977,0.201358,-0.019505,4.42883,11.537,-1.11755,0.0118506,0.02,-0.0122997,31.8
319,0.0784827,0.203358,-0.020735,4.49673,11.6516,-1.18803,0.0118506,0.02,-0.0122997,31.9
320,0.0796678,0.205358,-0.021965,4.56463,11.7661,-1.2585,0.0118506,0.02,-0.0122997,32
321,0.0808529,0.207358,-0.0231949,4.63253,11.8807,-1.32897,0.0118506,0.02,-0.0122997,32.1
322,0.0820379,0.209358,-0.0244249,4.70043,11.9953,-1.39944,0.0118506,0.02,-0.0122997,32.2
323,0.083223,0.211358,-0.0256549,4.76833,12.1099,-1.46992,0.0118506,0.02,-0.0122997,32.3
324,0.084408,0.213358,-0.0268848,4.83622,12.2245,-1.54039,0.0118506,0.02,-0.0122997,32.4
325,0.0855931,0.215358,-0.0281148,4.90412,12.3391,-1.61086,0.0118506,0.02,-0.0122997,32.5
326,0.0867782,0.217358,-0.0293448,4.97202,12.4537,-1.68133,0.0118506,0.02,-0.0122997,32.6
327,0.0879632,0.219358,-0.0305748,5.03992,12.5683,-1.7518,0.0118506,0.02,-0.0122997,32.7
328,0.0891483,0.221358,-0.0318047,5.10782,12.6829,-1.82228,0.0118506,0.02,-0.0122997,32.8
329,0.0903333,0.223358,-0.0330347,5.17572,12.7975,-1.89275,0.0118506,0.02,-0.0122997,32.9
330,0.0915184,0.225358,-0.0342647,5.24362,12.9121,-1.96322,0.0118506,0.02,-0.0122997,33
331,0.0927035,0.227358,-0.0354946,5.31152,13.0267,-2.03369,0.0118506,0.02,-0.0122997,33.1
332,0.0938885,0.229358,-0.0367246,5.37942,13.1412,-2.10417,0.0118506,0.02,-0.0122997,33.2
333,0.0950736,0.231358,-0.0379546,5.44731,13.2558,-2.17464,0.0118506,0.02,-0.0122997,33.3
334,0.0962586,0.233358,-0.0391846,5.51521,13.3704,-2.24511,0.0118506,0.02,-0.0122997,33.4
335,0.0974437,0.235358,-0.0404145,5.58311,13.485,-2.31558,0.0118506,0.02,-0.0122997,33.5
336,0.0986288,0.237358,-0.0416445,5.65101,13.5996,-2.38605,0.0118506,0.02,-0.0122997,33.6
337,0.0998138,0.239358,-0.0428745,5.71891,13.7142,-2.45653,0.0118506,0.02,-0.0122997,33.7
338,0.100999,0.241358,-0.0441044,5.78681,13.8288,-2.527,0.0118506,0.02,-0.0122997,33.8
339,0.102184,0.243358,-0.0453344,5.85471,13.9434,-2.59747,0.0118506,0.02,-0.0122997,33.9
340,0.103369,0.245358,-0.0465644,5.92261,14.058,-2.66794,0.0118506,0.02,-0.0122997,34
341,0.104554,0.247358,-0.0477944,5.99051,14.1726,-2.73842,0.0118506,0.02,-0.0122997,34.1
342,0.105739,0.249358,-0.0490243,6.05841,14.2872,-2.80889,0.0118506,0.02,-0.0122997,34.2
343,0.106924,0.251358,-0.0502543,6.1263,14.4018,-2.87936,0.0118506,0.02,-0.0122997,34.3
344,0.108109,0.253358,-0.0514843,6.1942,14.5163,-2.94983,0.0118506,0.02,-0.0122997,34.4
345,0.109294,0.255358,-0.0527142,6.2621,14.6309,-3.0203,0.0118506,0.02,-0.0122997,34.5
346,0.110479,0.257358,-0.0539442,6.33,14.7455,-3.09078,0.0118506,0.02,-0.0122997,34.6
347,0.111664,0.259358,-0.0551742,6.3979,14.8601,-3.16125,0.0118506,0.02,-0.0122997,34.7
348,0.112849,0.261358,-0.0564042,6.4658,14.9747,-3.23172,0.0118506,0.02,-0.0122997,34.8
349,0.114035,0.263358,-0.0576341,6.5337,15.0893,-3.30219,0.0118506,0.02,-0.0122997,34.9
350,0.11522,0.265358,-0.0588641,6.6016,15.2039,-3.37266,0.0118506,0.02,-0.0122997,35
351,0.116405,0.267358,-0.0600941,6.6695,15.3185,-3.44314,0.0118506,0.02,-0.0122997,35.1
352,0.11759,0.269358,-0.061324,6.73739,15.4331,-3.51361,0.0118506,0.02,-0.0122997,35.2
353,0.118775,0.271358,-0.062554,6.80529,15.5477,-3.58408,0.0118506,0.02,-0.0122997,35.3
354,0.11996,0.273358,-0.063784,6.87319,15.6623,-3.65455,0.0118506,0.02,-0.0122997,35.4
355,0.121145,0.275358,-0.065014,6.94109,15.7769,-3.72503,0.0118506,0.02,-0.0122997,35.5
356,0.12233,0.277358,-0.0662439,7.00899,15.8914,-3.7955,0.0118506,0.02,-0.0122997,35.6
357,0.123515,0.279358,-0.0674739,7.07689,16.006,-3.86597,0.0118506,0.02,-0.0122997,35.7
358,0.1247,0.281358,-0.0687039,7.14479,16.1206,-3.93644,0.0118506,0.02,-0.0122997,35.8
359,0.125885,0.283358,-0.0699339,7.21269,16.2352,-4.00691,0.0118506,0.02,-0.0122997,35.9
360,0.12707,0.285358,-0.0711638,7.28059,16.3498,-4.07739,0.0118506,0.02,-0.0122997,36
361,0.128255,0.287358,-0.0723938,7.34849,16.4644,-4.14786,0.0118506,0.02,-0.0122997,36.1
362,0.12944,0.289358,-0.0736238,7.41638,16.579,-4.21833,0.0118506,0.02,-0.0122997,36.2
363,0.130625,0.291358,-0.0748537,7.48428,16.6936,-4.2888,0.0118506,0.02,-0.0122997,36.3
364,0.13181,0.293358,-0.0760837,7.55218,16.8082,-4.35928,0.0118506,0.02,-0.0122997,36.4
365,0.132996,0.295358,-0.0773137,7.62008,16.9228,-4.42975,0.0118506,0.02,-0.0122997,36.5
366,0.134181,0.297358,-0.0785437,7.68798,17.0374,-4.50022,0.0118506,0.02,-0.0122997,36.6
367,0.135366,0.299358,-0.0797736,7.75588,17.1519,-4.57069,0.0118506,0.02,-0.0122997,36.7
368,0.136551,0.301358,-0.0810036,7.82378,17.2665,-4.64116,0.0118506,0.02,-0.0122997,36.8
369,0.137736,0.303358,-0.0822336,7.89168,17.3811,-4.71164,0.0118506,0.02,-0.0122997,36.9
370,0.138921,0.305358,-0.0834635,7.95958,17.4957,-4.78211,0.0118506,0.02,-0.0122997,37
371,0.140106,0.307358,-0.0846935,8.02747,17.6103,-4.85258,0.0118506,0.02,-0.0122997,37.1
372,0.141291,0.309358,-0.0859235,8.09537,17.7249,-4.92305,0.0118506,0.02,-0.0122997,37.2
373,0.142476,0.311358,-0.0871535,8.16327,17.8395,-4.99353,0.0118506,0.02,-0.0122997,37.3
374,0.143661,0.313358,-0.0883834,8.23117,17.9541,-5.064,0.0118506,0.02,-0.0122997,37.4
375,0.144846,0.315358,-0.0896134,8.29907,18.0687,-5.13447,0.0118506,0.02,-0.0122997,37.5
376,0.146031,0.317358,-0.0908434,8.36697,18.1833,-5.20494,0.0118506,0.02,-0.0122997,37.6
377,0.147216,0.319358,-0.0920733,8.43487,18.2979,-5.27541,0.0118506,0.02,-0.0122997,37.7
378,0.148401,0.321358,-0.0933033,8.50277,18.4125,-5.34589,0.0118506,0.02,-0.0122997,37.8
379,0.149586,0.323358,-0.0945333,8.57067,18.527,-5.41636,0.0118506,0.02,-0.0122997,37.9
380,0.150771,0.325358,-0.0957633,8.63857,18.6416,-5.48683,0.0118506,0.02,-0.0122997,38
381,0.151956,0.327358,-0.0969932,8.70646,18.7562,-5.5573,0.0118506,0.02,-0.0122997,38.1
382,0.153142,0.329358,-0.0982232,8.77436,18.8708,-5.62777,0.0118506,0.02,-0.0122997,38.2
383,0.154327,0.331358,-0.0994532,8.84226,18.9854,-5.69825,0.0118506,0.02,-0.0122997,38.3
384,0.155512,0.333358,-0.100683,8.91016,19.1,-5.76872,0.0118506,0.02,-0.0122997,38.4
385,0.156697,0.335358,-0.101913,8.97806,19.2146,-5.83919,0.0118506,0.02,-0.0122997,38.5
386,0.157882,0.337358,-0.103143,9.04596,19.3292,-5.90966,0.0118506,0.02,-0.0122997,38.6
387,0.159067,0.339358,-0.104373,9.11386,19.4438,-5.98014,0.0118506,0.02,-0.0122997,38.7
388,0.160252,0.341358,-0.105603,9.18176,19.5584,-6.05061,0.0118506,0.02,-0.0122997,38.8
389,0.161437,0.343358,-0.106833,9.24966,19.673,-6.12108,0.0118506,0.02,-0.0122997,38.9
390,0.162622,0.345358,-0.108063,9.31756,19.7876,-6.19155,0.0118506,0.02,-0.0122997,39
391,0.163807,0.347358,-0.109293,9.38545,19.9021,-6.26202,0.0118506,0.02,-0.0122997,39.1
392,0.164992,0.349358,-0.110523,9.45335,20.0167,-6.3325,0.0118506,0.02,-0.0122997,39.2
393,0.166177,0.351358,-0.111753,9.52125,20.1313,-6.40297,0.0118506,0.02,-0.0122997,39.3
394,0.167362,0.353358,-0.112983,9.58915,20.2459,-6.47344,0.0118506,0.02,-0.0122997,39.4
395,0.168547,0.355358,-0.114213,9.65705,20.3605,-6.54391,0.0118506,0.02,-0.0122997,39.5
396,0.169732,0.357358,-0.115443,9.72495,20.4751,-6.61439,0.0118506,0.02,-0.0122997,39.6
397,0.170917,0.359358,-0.116673,9.79285,20.5897,-6.68486,0.0118506,0.02,-0.0122997,39.7
398,0.172102,0.361358,-0.117903,9.86075,20.7043,-6.75533,0.0118506,0.02,-0.0122997,39.8
399,0.173288,0.363358,-0.119133,9.92865,20.8189,-6.8258,0.0118506,0.02,-0.0122997,39.9
400,0.174473,0.365358,-0.120363,9.99654,20.9335,-6.89627,0.0118506,0.02,-0.0122997,40
401,0.175658,0.367358,-0.121593,10.0644,21.0481,-6.96675,0.0118506,0.02,-0.0122997,40.1
402,0.176843,0.369358,-0.122823,10.1323,21.1627,-7.03722,0.0118506,0.02,-0.0122997,40.2
403,0.178028,0.371358,-0.124053,10.2002,21.2772,-7.10769,0.0118506,0.02,-0.0122997,40.3
404,0.179213,0.373358,-0.125283,10.2681,21.3918,-7.17816,0.0118506,0.02,-0.0122997,40.4
405,0.180398,0.375358,-0.126513,10.336,21.5064,-7.24864,0.0118506,0.02,-0.0122997,40.5
406,0.181583,0.377358,-0.127743,10.4039,21.621,-7.31911,0.0118506,0.02,-0.0122997,40.6
407,0.182768,0.379358,-0.128972,10.4718,21.7356,-7.38958,0.0118506,0.02,-0.0122997,40.7
408,0.183953,0.381358,-0.130202,10.5397,21.8502,-7.46005,0.0118506,0.02,-0.0122997,40.8
409,0.185138,0.383358,-0.131432,10.6076,21.9648,-7.53052,0.0118506,0.02,-0.0122997,40.9
410,0.186323,0.385358,-0.132662,10.6755,22.0794,-7.601,0.0118506,0.02,-0.0122997,41
411,0.187508,0.387358,-0.133892,10.7434,22.194,-7.67147,0.0118506,0.02,-0.0122997,41.1
412,0.188693,0.389358,-0.135122,10.8113,22.3086,-7.74194,0.0118506,0.02,-0.0122997,41.2
413,0.189878,0.391358,-0.136352,10.8792,22.4232,-7.81241,0.0118506,0.02,-0.0122997,41.3
414,0.191063,0.393358,-0.137582,10.9471,22.5378,-7.88288,0.0118506,0.02,-0.0122997,41.4
415,0.192249,0.395358,-0.138812,11.015,22.6523,-7.95336,0.0118506,0.02,-0.0122997,41.5
416,0.193434,0.397358,-0.140042,11.0829,22.7669,-8.02383,0.0118506,0.02,-0.0122997,41.6
417,0.194619,0.399358,-0.141272,11.1508,22.8815,-8.0943,0.0118506,0.02,-0.0122997,41.7
418,0.195804,0.401358,-0.142502,11.2187,22.9961,-8.16477,0.0118506,0.02,-0.0122997,41.8
419,0.196989,0.403358,-0.143732,11.2866,23.1107,-8.23525,0.0118506,0.02,-0.0122997,41.9
420,0.198174,0.405358,-0.144962,11.3545,23.2253,-8.30572,0.0118506,0.02,-0.0122997,42
421,0.199359,0.407358,-0.146192,11.4224,23.3399,-8.37619,0.0118506,0.02,-0.0122997,42.1
422,0.200544,0.409358,-0.147422,11.4903,23.4545,-8.44666,0.0118506,0.02,-0.0122997,42.2
423,0.201729,0.411358,-0.148652,11.5582,23.5691,-8.51713,0.0118506,0.02,-0.0122997,42.3
424,0.202914,0.413358,-0.149882,11.6261,23.6837,-8.58761,0.0118506,0.02,-0.0122997,42.4
425,0.204099,0.415358,-0.151112,11.694,23.7983,-8.65808,0.0118506,0.02,-0.0122997,42.5
426,0.205284,0.417358,-0.152342,11.7619,23.9129,-8.72855,0.0118506,0.02,-0.0122997,42.6
427,0.206469,0.419358,-0.153572,11.8298,24.0274,-8.79902,0.0118506,0.02,-0.0122997,42.7
428,0.207654,0.421358,-0.154802,11.8977,24.142,-8.8695,0.0118506,0.02,-0.0122997,42.8
429,0.208839,0.423358,-0.156032,11.9656,24.2566,-8.93997,0.0118506,0.02,-0.0122997,42.9
430,0.210024,0.425358,-0.157262,12.0335,24.3712,-9.01044,0.0118506,0.02,-0.0122997,43
431,0.211209,0.427358,-0.158492,12.1014,24.4858,-9.08091,0.0118506,0.02,-0.0122997,43.1
432,0.212395,0.429358,-0.159722,12.1693,24.6004,-9.15138,0.0118506,0.02,-0.0122997,43.2
433,0.21358,0.431358,-0.160952,12.2372,24.715,-9.22186,0.0118506,0.02,-0.0122997,43.3
434,0.214765,0.433358,-0.162182,12.3051,24.8296,-9.29233,0.0118506,0.02,-0.0122997,43.4
435,0.21595,0.435358,-0.163412,12.373,24.9442,-9.3628,0.0118506,0.02,-0.0122997,43.5
436,0.217135,0.437358,-0.164642,12.4409,25.0588,-9.43327,0.0118506,0.02,-0.0122997,43.6
437,0.21832,0.439358,-0.165872,12.5088,25.1734,-9.50375,0.0118506,0.02,-0.0122997,43.7
438,0.219505,0.441358,-0.167102,12.5767,25.288,-9.57422,0.0118506,0.02,-0.0122997,43.8
439,0.22069,0.443358,-0.168332,12.6446,25.4025,-9.64469,0.0118506,0.02,-0.0122997,43.9
440,0.221875,0.445358,-0.169562,12.7125,25.5171,-9.71516,0.0118506,0.02,-0.0122997,44
441,0.22306,0.447358,-0.170792,12.7804,25.6317,-9.78563,0.0118506,0.02,-0.0122997,44.1
442,0.224245,0.449358,-0.172022,12.8483,25.7463,-9.85611,0.0118506,0.02,-0.0122997,44.2
443,0.22543,0.451358,-0.173251,12.9162,25.8609,-9.92658,0.0118506,0.02,-0.0122997,44.3
444,0.226615,0.453358,-0.174481,12.9841,25.9755,-9.99705,0.0118506,0.02,-0.0122997,44.4
445,0.2278,0.455358,-0.175711,13.052,26.0901,-10.0675,0.0118506,0.02,-0.0122997,44.5
446,0.228985,0.457358,-0.176941,13.1199,26.2047,-10.138,0.0118506,0.02,-0.0122997,44.6
447,0.23017,0.459358,-0.178171,13.1878,26.3193,-10.2085,0.0118506,0.02,-0.0122997,44.7
448,0.231356,0.461358,-0.179401,13.2557,26.4339,-10.2789,0.0118506,0.02,-0.0122997,44.8
449,0.232541,0.463358,-0.180631,13.3236,26.5485,-10.3494,0.0118506,0.02,-0.0122997,44.9
450,0.233726,0.465358,-0.181861,13.3915,26.663,-10.4199,0.0118506,0.02,-0.0122997,45
451,0.234911,0.467358,-0.183091,13.4594,26.7776,-10.4904,0.0118506,0.02,-0.0122997,45.1
452,0.236096,0.469358,-0.184321,13.5273,26.8922,-10.5608,0.0118506,0.02,-0.0122997,45.2
453,0.237281,0.471358,-0.185551,13.5952,27.0068,-10.6313,0.0118506,0.02,-0.0122997,45.3
454,0.238466,0.473358,-0.186781,13.6631,27.1214,-10.7018,0.0118506,0.02,-0.0122997,45.4
455,0.239651,0.475358,-0.188011,13.731,27.236,-10.7722,0.0118506,0.02,-0.0122997,45.5
456,0.240836,0.477358,-0.189241,13.7989,27.3506,-10.8427,0.0118506,0.02,-0.0122997,45.6
457,0.242021,0.479358,-0.190471,13.8668,27.4652,-10.9132,0.0118506,0.02,-0.0122997,45.7
458,0.243206,0.481358,-0.191701,13.9347,27.5798,-10.9837,0.0118506,0.02,-0.0122997,45.8
459,0.244391,0.483358,-0.192931,14.0026,27.6944,-11.0541,0.0118506,0.02,-0.0122997,45.9
460,0.245576,0.485358,-0.194161,14.0705,27.809,-11.1246,0.0118506,0.02,-0.0122997,46
461,0.246761,0.487358,-0.195391,14.1384,27.9236,-11.1951,0.0118506,0.02,-0.0122997,46.1
462,0.247946,0.489358,-0.196621,14.2063,28.0381,-11.2655,0.0118506,0.02,-0.0122997,46.2
463,0.249131,0.491358,-0.197851,14.2742,28.1527,-11.336,0.0118506,0.02,-0.0122997,46.3
464,0.250316,0.493358,-0.199081,14.3421,28.2673,-11.4065,0.0118506,0.02,-0.0122997,46.4
465,0.251502,0.495358,-0.200311,14.41,28.3819,-11.477,0.0118506,0.02,-0.0122997,46.5
466,0.252687,0.497358,-0.201541,14.4779,28.4965,-11.5474,0.0118506,0.02,-0.0122997,46.6
467,0.253872,0.499358,-0.202771,14.5458,28.6111,-11.6179,0.0118506,0.02,-0.0122997,46.7
468,0.255057,0.501358,-0.204001,14.6137,28.7257,-11.6884,0.0118506,0.02,-0.0122997,46.8
469,0.256242,0.503358,-0.205231,14.6816,28.8403,-11.7589,0.0118506,0.02,-0.0122997,46.9
470,0.257427,0.505358,-0.206461,14.7495,28.9549,-11.8293,0.0118506,0.02,-0.0122997,47
471,0.258612,0.507358,-0.207691,14.8174,29.0695,-11.8998,0.0118506,0.02,-0.0122997,47.1
472,0.259797,0.509358,-0.208921,14.8853,29.1841,-11.9703,0.0118506,0.02,-0.0122997,47.2
473,0.260982,0.511358,-0.210151,14.9532,29.2987,-12.0407,0.0118506,0.02,-0.0122997,47.3
474,0.262167,0.513358,-0.211381,15.0211,29.4132,-12.1112,0.0118506,0.02,-0.0122997,47.4
475,0.263352,0.515358,-0.212611,15.089,29.5278,-12.1817,0.0118506,0.02,-0.0122997,47.5
476,0.264537,0.517358,-0.213841,15.1569,29.6424,-12.2522,0.0118506,0.02,-0.0122997,47.6
477,0.265722,0.519358,-0.215071,15.2248,29.757,-12.3226,0.0118506,0.02,-0.0122997,47.7
478,0.266907,0.521358,-0.2163,15.2927,29.8716,-12.3931,0.0118506,0.02,-0.0122997,47.8
479,0.268092,0.523358,-0.21753,15.3606,29.9862,-12.4636,0.0118506,0.02,-0.0122997,47.9
480,0.269277,0.525358,-0.21876,15.4285,30.1008,-12.534,0.0118506,0.02,-0.0122997,48
481,0.270463,0.527358,-0.21999,15.4964,30.2154,-12.6045,0.0118506,0.02,-0.0122997,48.1
482,0.271648,0.529358,-0.22122,15.5643,30.33,-12.675,0.0118506,0.02,-0.0122997,48.2
483,0.272833,0.531358,-0.22245,15.6322,30.4446,-12.7455,0.0118506,0.02,-0.0122997,48.3
484,0.274018,0.533358,-0.22368,15.7001,30.5592,-12.8159,0.0118506,0.02,-0.0122997,48.4
485,0.275203,0.535358,-0.22491,15.768,30.6738,-12.8864,0.0118506,0.02,-0.0122997,48.5
486,0.276388,0.537358,-0.22614,15.8359,30.7883,-12.9569,0.0118506,0.02,-0.0122997,48.6
487,0.277573,0.539358,-0.22737,15.9038,30.9029,-13.0274,0.0118506,0.02,-0.0122997,48.7
488,0.278758,0.541358,-0.2286,15.9717,31.0175,-13.0978,0.0118506,0.02,-0.0122997,48.8
489,0.279943,0.543358,-0.22983,16.0396,31.1321,-13.1683,0.0118506,0.02,-0.0122997,48.9
490,0.281128,0.545358,-0.23106,16.1075,31.2467,-13.2388,0.0118506,0.02,-0.0122997,49
491,0.282313,0.547358,-0.23229,16.1753,31.3613,-13.3092,0.0118506,0.02,-0.0122997,49.1
492,0.283498,0.549358,-0.23352,16.2432,31.4759,-13.3797,0.0118506,0.02,-0.0122997,49.2
493,0.284683,0.551358,-0.23475,16.3111,31.5905,-13.4502,0.0118506,0.02,-0.0122997,49.3
494,0.285868,0.553358,-0.23598,16.379,31.7051,-13.5207,0.0118506,0.02,-0.0122997,49.4
495,0.287053,0.555358,-0.23721,16.4469,31.8197,-13.5911,0.0118506,0.02,-0.0122997,49.5
496,0.288238,0.557358,-0.23844,16.5148,31.9343,-13.6616,0.0118506,0.02,-0.0122997,49.6
497,0.289423,0.559358,-0.23967,16.5827,32.0489,-13.7321,0.0118506,0.02,-0.0122997,49.7
498,0.290609,0.561358,-0.2409,16.6506,32.1634,-13.8025,0.0118506,0.02,-0.0122997,49.8
499,0.291794,0.563358,-0.24213,16.7185,32.278,-13.873,0.0118506,0.02,-0.0122997,49.9
500,0.292979,0.565358,-0.24336,16.7864,32.3926,-13.9435,0.0118506,0.02,-0.0122997,50
501,0.294164,0.567358,-0.24459,16.8543,32.5072,-14.014,0.0118506,0.02,-0.0122997,50.1
502,0.295349,0.569358,-0.24582,16.9222,32.6218,-14.0844,0.0118506,0.02,-0.0122997,50.2
503,0.296534,0.571358,-0.24705,16.9901,32.7364,-14.1549,0.0118506,0.02,-0.0122997,50.3
504,0.297719,0.573358,-0.24828,17.058,32.851,-14.2254,0.0118506,0.02,-0.0122997,50.4
505,0.298904,0.575358,-0.24951,17.1259,32.9656,-14.2959,0.0118506,0.02,-0.0122997,50.5
506,0.300089,0.577358,-0.25074,17.1938,33.0802,-14.3663,0.0118506,0.02,-0.0122997,50.6
507,0.301274,0.579358,-0.25197,17.2617,33.1948,-14.4368,0.0118506,0.02,-0.0122997,50.7
508,0.302459,0.581358,-0.2532,17.3296,33.3094,-14.5073,0.0118506,0.02,-0.0122997,50.8
509,0.303644,0.583358,-0.25443,17.3975,33.424,-14.5777,0.0118506,0.02,-0.0122997,50.9
510,0.304829,0.585358,-0.25566,17.4654,33.5385,-14.6482,0.0118506,0.02,-0.0122997,51
511,0.306014,0.587358,-0.25689,17.5333,33.6531,-14.7187,0.0118506,0.02,-0.0122997,51.1
512,0.307199,0.589358,-0.25812,17.6012,33.7677,-14.7892,0.0118506,0.02,-0.0122997,51.2
513,0.308384,0.591358,-0.259349,17.6691,33.8823,-14.8596,0.0118506,0.02,-0.0122997,51.3
514,0.309569,0.593358,-0.260579,17.737,33.9969,-14.9301,0.0118506,0.02,-0.0122997,51.4
515,0.310755,0.595358,-0.261809,17.8049,34.1115,-15.0006,0.0118506,0.02,-0.0122997,51.5
516,0.31194,0.597358,-0.263039,17.8728,34.2261,-15.071,0.0118506,0.02,-0.0122997,51.6
517,0.313125,0.599358,-0.264269,17.9407,34.3407,-15.1415,0.0118506,0.02,-0.0122997,51.7
518,0.31431,0.601358,-0.265499,18.0086,34.4553,-15.212,0.0118506,0.02,-0.0122997,51.8
519,0.315495,0.603358,-0.266729,18.0765,34.5699,-15.2825,0.0118506,0.02,-0.0122997,51.9
520,0.31668,0.605358,-0.267959,18.1444,34.6845,-15.3529,0.0118506,0.02,-0.0122997,52
521,0.317865,0.607358,-0.269189,18.2123,34.7991,-15.4234,0.0118506,0.02,-0.0122997,52.1
522,0.31905,0.609358,-0.270419,18.2802,34.9136,-15.4939,0.0118506,0.02,-0.0122997,52.2
523,0.320235,0.611358,-0.271649,18.3481,35.0282,-15.5644,0.0118506,0.02,-0.0122997,52.3
524,0.32142,0.613358,-0.272879,18.416,35.1428,-15.6348,0.0118506,0.02,-0.0122997,52.4
525,0.322605,0.615358,-0.274109,18.4839,35.2574,-15.7053,0.0118506,0.02,-0.0122997,52.5
526,0.32379,0.617358,-0.275339,18.5518,35.372,-15.7758,0.0118506,0.02,-0.0122997,52.6
527,0.324975,0.619358,-0.276569,18.6197,35.4866,-15.8462,0.0118506,0.02,-0.0122997,52.7
528,0.32616,0.621358,-0.277799,18.6876,35.6012,-15.9167,0.0118506,0.02,-0.0122997,52.8
529,0.327345,0.623358,-0.279029,18.7555,35.7158,-15.9872,0.0118506,0.02,-0.0122997,52.9
530,0.32853,0.625358,-0.280259,18.8234,35.8304,-16.0577,0.0118506,0.02,-0.0122997,53
531,0.329716,0.627358,-0.281489,18.8913,35.945,-16.1281,0.0118506,0.02,-0.0122997,53.1
532,0.330901,0.629358,-0.282719,18.9592,36.0596,-16.1986,0.0118506,0.02,-0.0122997,53.2
533,0.332086,0.631358,-0.283949,19.0271,36.1741,-16.2691,0.0118506,0.02,-0.0122997,53.3
534,0.333271,0.633358,-0.285179,19.095,36.2887,-16.3395,0.0118506,0.02,-0.0122997,53.4
535,0.334456,0.635358,-0.286409,19.1629,36.4033,-16.41,0.0118506,0.02,-0.0122997,53.5
536,0.335641,0.637358,-0.287639,19.2308,36.5179,-16.4805,0.0118506,0.02,-0.0122997,53.6
537,0.336826,0.639358,-0.288869,19.2987,36.6325,-16.551,0.0118506,0.02,-0.0122997,53.7
538,0.338011,0.641358,-0.290099,19.3666,36.7471,-16.6214,0.0118506,0.02,-0.0122997,53.8
539,0.339196,0.643358,-0.291329,19.4345,36.8617,-16.6919,0.0118506,0.02,-0.0122997,53.9
540,0.340381,0.645358,-0.292559,19.5024,36.9763,-16.7624,0.0118506,0.02,-0.0122997,54
541,0.341566,0.647358,-0.293789,19.5703,37.0909,-16.8329,0.0118506,0.02,-0.0122997,54.1
542,0.342751,0.649358,-0.295019,19.6382,37.2055,-16.9033,0.0118506,0.02,-0.0122997,54.2
543,0.343936,0.651358,-0.296249,19.7061,37.3201,-16.9738,0.0118506,0.02,-0.0122997,54.3
544,0.345121,0.653358,-0.297479,19.774,37.4347,-17.0443,0.0118506,0.02,-0.0122997,54.4
545,0.346306,0.655358,-0.298709,19.8419,37.5492,-17.1147,0.0118506,0.02,-0.0122997,54.5
546,0.347491,0.657358,-0.299939,19.9098,37.6638,-17.1852,0.0118506,0.02,-0.0122997,54.6
547,0.348676,0.659358,-0.301169,19.9777,37.7784,-17.2557,0.0118506,0.02,-0.0122997,54.7
548,0.349862,0.661358,-0.302399,20.0456,37.893,-17.3262,0.0118506,0.02,-0.0122997,54.8
549,0.351047,0.663358,-0.303628,20.1135,38.0076,-17.3966,0.0118506,0.02,-0.0122997,54.9
550,0.352232,0.665358,-0.304858,20.1814,38.1222,-17.4671,0.0118506,0.02,-0.0122997,55
551,0.353417,0.667358,-0.306088,20.2493,38.2368,-17.5376,0.0118506,0.02,-0.0122997,55.1
552,0.354602,0.669358,-0.307318,20.3172,38.3514,-17.608,0.0118506,0.02,-0.0122997,55.2
553,0.355787,0.671358,-0.308548,20.3851,38.466,-17.6785,0.0118506,0.02,-0.0122997,55.3
554,0.356972,0.673358,-0.309778,20.453,38.5806,-17.749,0.0118506,0.02,-0.0122997,55.4
555,0.358157,0.675358,-0.311008,20.5209,38.6952,-17.8195,0.0118506,0.02,-0.0122997,55.5
556,0.359342,0.677358,-0.312238,20.5888,38.8098,-17.8899,0.0118506,0.02,-0.0122997,55.6
557,0.360527,0.679358,-0.313468,20.6567,38.9243,-17.9604,0.0118506,0.02,-0.0122997,55.7
558,0.361712,0.681358,-0.314698,20.7246,39.0389,-18.0309,0.0118506,0.02,-0.0122997,55.8
559,0.362897,0.683358,-0.315928,20.7925,39.1535,-18.1014,0.0118506,0.02,-0.0122997,55.9
560,0.364082,0.685358,-0.317158,20.8604,39.2681,-18.1718,0.0118506,0.02,-0.0122997,56
561,0.365267,0.687358,-0.318388,20.9283,39.3827,-18.2423,0.0118506,0.02,-0.0122997,56.1
562,0.366452,0.689358,-0.319618,20.9962,39.4973,-18.3128,0.0118506,0.02,-0.0122997,56.2
563,0.367637,0.691358,-0.320848,21.0641,39.6119,-18.3832,0.0118506,0.02,-0.0122997,56.3
564,0.368823,0.693358,-0.322078,21.132,39.7265,-18.4537,0.0118506,0.02,-0.0122997,56.4
565,0.370008,0.695358,-0.323308,21.1999,39.8411,-18.5242,0.0118506,0.02,-0.0122997,56.5
566,0.371193,0.697358,-0.324538,21.2678,39.9557,-18.5947,0.0118506,0.02,-0.0122997,56.6
567,0.372378,0.699358,-0.325768,21.3357,40.0703,-18.6651,0.0118506,0.02,-0.0122997,56.7
568,0.373563,0.701358,-0.326998,21.4036,40.1849,-18.7356,0.0118506,0.02,-0.0122997,56.8
569,0.374748,0.703358,-0.328228,21.4715,40.2994,-18.8061,0.0118506,0.02,-0.0122997,56.9
570,0.375933,0.705358,-0.329458,21.5394,40.414,-18.8765,0.0118506,0.02,-0.0122997,57
571,0.377118,0.707358,-0.330688,21.6073,40.5286,-18.947,0.0118506,0.02,-0.0122997,57.1
572,0.378303,0.709358,-0.331918,21.6752,40.6432,-19.0175,0.0118506,0.02,-0.0122997,57.2
573,0.379488,0.711358,-0.333148,21.7431,40.7578,-19.088,0.0118506,0.02,-0.0122997,57.3
574,0.380673,0.713358,-0.334378,21.811,40.8724,-19.1584,0.0118506,0.02,-0.0122997,57.4
575,0.381858,0.715358,-0.335608,21.8789,40.987,-19.2289,0.0118506,0.02,-0.0122997,57.5
576,0.383043,0.717358,-0.336838,21.9468,41.1016,-19.2994,0.0118506,0.02,-0.0122997,57.6
577,0.384228,0.719358,-0.338068,22.0147,41.2162,-19.3699,0.0118506,0.02,-0.0122997,57.7
578,0.385413,0.721358,-0.339298,22.0826,41.3308,-19.4403,0.0118506,0.02,-0.0122997,57.8
579,0.386598,0.723358,-0.340528,22.1505,41.4454,-19.5108,0.0118506,0.02,-0.0122997,57.9
580,0.387783,0.725358,-0.341758,22.2184,41.56,-19.5813,0.0118506,0.02,-0.0122997,58
581,0.388969,0.727358,-0.342988,22.2863,41.6745,-19.6517,0.0118506,0.02,-0.0122997,58.1
582,0.390154,0.729358,-0.344218,22.3542,41.7891,-19.7222,0.0118506,0.02,-0.0122997,58.2
583,0.391339,0.731358,-0.345448,22.4221,41.9037,-19.7927,0.0118506,0.02,-0.0122997,58.3
584,0.392524,0.733358,-0.346677,22.49,42.0183,-19.8632,0.0118506,0.02,-0.0122997,58.4
585,0.393709,0.735358,-0.347907,22.5579,42.1329,-19.9336,0.0118506,0.02,-0.0122997,58.5
586,0.394894,0.737358,-0.349137,22.6257,42.2475,-20.0041,0.0118506,0.02,-0.0122997,58.6
587,0.396079,0.739358,-0.350367,22.6936,42.3621,-20.0746,0.0118506,0.02,-0.0122997,58.7
588,0.397264,0.741358,-0.351597,22.7615,42.4767,-20.145,0.0118506,0.02,-0.0122997,58.8
589,0.398449,0.743358,-0.352827,22.8294,42.5913,-20.2155,0.0118506,0.02,-0.0122997,58.9
590,0.399634,0.745358,-0.354057,22.8973,42.7059,-20.286,0.0118506,0.02,-0.0122997,59
591,0.400819,0.747358,-0.355287,22.9652,42.8205,-20.3565,0.0118506,0.02,-0.0122997,59.1
592,0.402004,0.749358,-0.356517,23.0331,42.9351,-20.4269,0.0118506,0.02,-0.0122997,59.2
593,0.403189,0.751358,-0.357747,23.101,43.0496,-20.4974,0.0118506,0.02,-0.0122997,59.3
594,0.404374,0.753358,-0.358977,23.1689,43.1642,-20.5679,0.0118506,0.02,-0.0122997,59.4
595,0.405559,0.755358,-0.360207,23.2368,43.2788,-20.6384,0.0118506,0.02,-0.0122997,59.5
596,0.406744,0.757358,-0.361437,23.3047,43.3934,-20.7088,0.0118506,0.02,-0.0122997,59.6
597,0.407929,0.759358,-0.362667,23.3726,43.508,-20.7793,0.0118506,0.02,-0.0122997,59.7
598,0.409115,0.761358,-0.363897,23.4405,43.6226,-20.8498,0.0118506,0.02,-0.0122997,59.8
599,0.4103,0.763358,-0.365127,23.5084,43.7372,-20.9202,0.0118506,0.02,-0.0122997,59.9
600,0.411485,0.765358,-0.366357,23.5763,43.8518,-20.9907,0.0118506,0.02,-0.0122997,60
601,0.41267,0.767358,-0.367587,23.6442,43.9664,-21.0612,0.0118506,0.02,-0.0122997,60.1
602,0.413855,0.769358,-0.368817,23.7121,44.081,-21.1317,0.0118506,0.02,-0.0122997,60.2
603,0.41504,0.771358,-0.370047,23.78,44.1956,-21.2021,0.0118506,0.02,-0.0122997,60.3
604,0.416225,0.773358,-0.371277,23.8479,44.3101,-21.2726,0.0118506,0.02,-0.0122997,60.4
605,0.41741,0.775358,-0.372507,23.9158,44.4247,-21.3431,0.0118506,0.02,-0.0122997,60.5
606,0.418595,0.777358,-0.373737,23.9837,44.5393,-21.4135,0.0118506,0.02,-0.0122997,60.6
607,0.41978,0.779358,-0.374967,24.0516,44.6539,-21.484,0.0118506,0.02,-0.0122997,60.7
608,0.420965,0.781358,-0.376197,24.1195,44.7685,-21.5545,0.0118506,0.02,-0.0122997,60.8
609,0.42215,0.783358,-0.377427,24.1874,44.8831,-21.625,0.0118506,0.02,-0.0122997,60.9
610,0.423335,0.785358,-0.378657,24.2553,44.9977,-21.6954,0.0118506,0.02,-0.0122997,61
611,0.42452,0.787358,-0.379887,24.3232,45.1123,-21.7659,0.0118506,0.02,-0.0122997,61.1
612,0.425705,0.789358,-0.381117,24.3911,45.2269,-21.8364,0.0118506,0.02,-0.0122997,61.2
613,0.42689,0.791358,-0.382347,24.459,45.3415,-21.9069,0.0118506,0.02,-0.0122997,61.3
614,0.428076,0.793358,-0.383577,24.5269,45.4561,-21.9773,0.0118506,0.02,-0.0122997,61.4
615,0.429261,0.795358,-0.384807,24.5948,45.5707,-22.0478,0.0118506,0.02,-0.0122997,61.5
616,0.430446,0.797358,-0.386037,24.6627,45.6852,-22.1183,0.0118506,0.02,-0.0122997,61.6
617,0.431631,0.799358,-0.387267,24.7306,45.7998,-22.1887,0.0118506,0.02,-0.0122997,61.7
618,0.432816,0.801358,-0.388497,24.7985,45.9144,-22.2592,0.0118506,0.02,-0.0122997,61.8
619,0.434001,0.803358,-0.389726,24.8664,46.029,-22.3297,0.0118506,0.02,-0.0122997,61.9
620,0.435186,0.805358,-0.390956,24.9343,46.1436,-22.4002,0.0118506,0.02,-0.0122997,62
621,0.436371,0.807358,-0.392186,25.0022,46.2582,-22.4706,0.0118506,0.02,-0.0122997,62.1
622,0.437556,0.809358,-0.393416,25.0701,46.3728,-22.5411,0.0118506,0.02,-0.0122997,62.2
623,0.438741,0.811358,-0.394646,25.138,46.4874,-22.6116,0.0118506,0.02,-0.0122997,62.3
624,0.439926,0.813358,-0.395876,25.2059,46.602,-22.682,0.0118506,0.02,-0.0122997,62.4
625,0.441111,0.815358,-0.397106,25.2738,46.7166,-22.7525,0.0118506,0.02,-0.0122997,62.5
626,0.442296,0.817358,-0.398336,25.3417,46.8312,-22.823,0.0118506,0.02,-0.0122997,62.6
627,0.443481,0.819358,-0.399566,25.4096,46.9458,-22.8935,0.0118506,0.02,-0.0122997,62.7
628,0.444666,0.821358,-0.400796,25.4775,47.0603,-22.9639,0.0118506,0.02,-0.0122997,62.8
629,0.445851,0.823358,-0.402026,25.5454,47.1749,-23.0344,0.0118506,0.02,-0.0122997,62.9
630,0.447036,0.825358,-0.403256,25.6133,47.2895,-23.1049,0.0118506,0.02,-0.0122997,63
631,0.448222,0.827358,-0.404486,25.6812,47.4041,-23.1753,0.0118506,0.02,-0.0122997,63.1
632,0.449407,0.829358,-0.405716,25.7491,47.5187,-23.2458,0.0118506,0.02,-0.0122997,63.2
633,0.450592,0.831358,-0.406946,25.817,47.6333,-23.3163,0.0118506,0.02,-0.0122997,63.3
634,0.451777,0.833358,-0.408176,25.8849,47.7479,-23.3868,0.0118506,0.02,-0.0122997,63.4
635,0.452962,0.835358,-0.409406,25.9528,47.8625,-23.4572,0.0118506,0.02,-0.0122997,63.5
636,0.454147,0.837358,-0.410636,26.0207,47.9771,-23.5277,0.0118506,0.02,-0.0122997,63.6
637,0.455332,0.839358,-0.411866,26.0886,48.0917,-23.5982,0.0118506,0.02,-0.0122997,63.7
638,0.456517,0.841358,-0.413096,26.1565,48.2063,-23.6687,0.0118506,0.02,-0.0122997,63.8
639,0.457702,0.843358,-0.414326,26.2244,48.3209,-23.7391,0.0118506,0.02,-0.0122997,63.9
640,0.458887,0.845358,-0.415556,26.2923,48.4354,-23.8096,0.0118506,0.02,-0.0122997,64
641,0.460072,0.847358,-0.416786,26.3602,48.55,-23.8801,0.0118506,0.02,-0.0122997,64.1
642,0.461257,0.849358,-0.418016,26.4281,48.6646,-23.9505,0.0118506,0.02,-0.0122997,64.2
643,0.462442,0.851358,-0.419246,26.496,48.7792,-24.021,0.0118506,0.02,-0.0122997,64.3
644,0.463627,0.853358,-0.420476,26.5639,48.8938,-24.0915,0.0118506,0.02,-0.0122997,64.4
645,0.464812,0.855358,-0.421706,26.6318,49.0084,-24.162,0.0118506,0.02,-0.0122997,64.5
646,0.465997,0.857358,-0.422936,26.6997,49.123,-24.2324,0.0118506,0.02,-0.0122997,64.6
647,0.467183,0.859358,-0.424166,26.7676,49.2376,-24.3029,0.0118506,0.02,-0.0122997,64.7
648,0.468368,0.861358,-0.425396,26.8355,49.3522,-24.3734,0.0118506,0.02,-0.0122997,64.8
649,0.469553,0.863358,-0.426626,26.9034,49.4668,-24.4438,0.0118506,0.02,-0.0122997,64.9
650,0.470738,0.865358,-0.427856,26.9713,49.5814,-24.5143,0.0118506,0.02,-0.0122997,65
651,0.471923,0.867358,-0.429086,27.0392,49.696,-24.5848,0.0118506,0.02,-0.0122997,65.1
652,0.473108,0.869358,-0.430316,27.1071,49.8105,-24.6553,0.0118506,0.02,-0.0122997,65.2
653,0.474293,0.871358,-0.431546,27.175,49.9251,-24.7257,0.0118506,0.02,-0.0122997,65.3
654,0.475478,0.873358,-0.432776,27.2429,50.0397,-24.7962,0.0118506,0.02,-0.0122997,65.4
655,0.476663,0.875358,-0.434005,27.3108,50.1543,-24.8667,0.0118506,0.02,-0.0122997,65.5
656,0.477848,0.877358,-0.435235,27.3787,50.2689,-24.9372,0.0118506,0.02,-0.0122997,65.6
657,0.479033,0.879358,-0.436465,27.4466,50.3835,-25.0076,0.0118506,0.02,-0.0122997,65.7
658,0.480218,0.881358,-0.437695,27.5145,50.4981,-25.0781,0.0118506,0.02,-0.0122997,65.8
659,0.481403,0.883358,-0.438925,27.5824,50.6127,-25.1486,0.0118506,0.02,-0.0122997,65.9
660,0.482588,0.885358,-0.440155,27.6503,50.7273,-25.219,0.0118506,0.02,-0.0122997,66
661,0.483773,0.887358,-0.441385,27.7182,50.8419,-25.2895,0.0118506,0.02,-0.0122997,66.1
662,0.484958,0.889358,-0.442615,27.7861,50.9565,-25.36,0.0118506,0.02,-0.0122997,66.2
663,0.486143,0.891358,-0.443845,27.854,51.0711,-25.4305,0.0118506,0.02,-0.0122997,66.3
664,0.487329,0.893358,-0.445075,27.9219,51.1856,-25.5009,0.0118506,0.02,-0.0122997,66.4
665,0.488514,0.895358,-0.446305,27.9898,51.3002,-25.5714,0.0118506,0.02,-0.0122997,66.5
666,0.489699,0.897358,-0.447535,28.0577,51.4148,-25.6419,0.0118506,0.02,-0.0122997,66.6
667,0.490884,0.899358,-0.448765,28.1256,51.5294,-25.7123,0.0118506,0.02,-0.0122997,66.7
668,0.492069,0.901358,-0.449995,28.1935,51.644,-25.7828,0.0118506,0.02,-0.0122997,66.8
669,0.493254,0.903358,-0.451225,28.2614,51.7586,-25.8533,0.0118506,0.02,-0.0122997,66.9
670,0.494439,0.905358,-0.452455,28.3293,51.8732,-25.9238,0.0118506,0.02,-0.0122997,67
671,0.495624,0.907358,-0.453685,28.3972,51.9878,-25.9942,0.0118506,0.02,-0.0122997,67.1
672,0.496809,0.909358,-0.454915,28.4651,52.1024,-26.0647,0.0118506,0.02,-0.0122997,67.2
673,0.497994,0.911358,-0.456145,28.533,52.217,-26.1352,0.0118506,0.02,-0.0122997,67.3
674,0.499179,0.913358,-0.457375,28.6009,52.3316,-26.2057,0.0118506,0.02,-0.0122997,67.4
675,0.500364,0.915358,-0.458605,28.6688,52.4462,-26.2761,0.0118506,0.02,-0.0122997,67.5
676,0.501549,0.917358,-0.459835,28.7367,52.5607,-26.3466,0.0118506,0.02,-0.0122997,67.6
677,0.502734,0.919358,-0.461065,28.8046,52.6753,-26.4171,0.0118506,0.02,-0.0122997,67.7
678,0.503919,0.921358,-0.462295,28.8725,52.7899,-26.4875,0.0118506,0.02,-0.0122997,67.8
679,0.505104,0.923358,-0.463525,28.9404,52.9045,-26.558,0.0118506,0.02,-0.0122997,67.9
680,0.50629,0.925358,-0.464755,29.0083,53.0191,-26.6285,0.0118506,0.02,-0.0122997,68
681,0.507475,0.927358,-0.465985,29.0762,53.1337,-26.699,0.0118506,0.02,-0.0122997,68.1
682,0.50866,0.929358,-0.467215,29.144,53.2483,-26.7694,0.0118506,0.02,-0.0122997,68.2
683,0.509845,0.931358,-0.468445,29.2119,53.3629,-26.8399,0.0118506,0.02,-0.0122997,68.3
684,0.51103,0.933358,-0.469675,29.2798,53.4775,-26.9104,0.0118506,0.02,-0.0122997,68.4
685,0.512215,0.935358,-0.470905,29.3477,53.5921,-26.9808,0.0118506,0.02,-0.0122997,68.5
686,0.5134,0.937358,-0.472135,29.4156,53.7067,-27.0513,0.0118506,0.02,-0.0122997,68.6
687,0.514585,0.939358,-0.473365,29.4835,53.8212,-27.1218,0.0118506,0.02,-0.0122997,68.7
688,0.51577,0.941358,-0.474595,29.5514,53.9358,-27.1923,0.0118506,0.02,-0.0122997,68.8
689,0.516955,0.943358,-0.475825,29.6193,54.0504,-27.2627,0.0118506,0.02,-0.0122997,68.9
690,0.51814,0.945358,-0.477054,29.6872,54.165,-27.3332,0.0118506,0.02,-0.0122997,69
691,0.519325,0.947358,-0.478284,29.7551,54.2796,-27.4037,0.0118506,0.02,-0.0122997,69.1
692,0.52051,0.949358,-0.479514,29.823,54.3942,-27.4742,0.0118506,0.02,-0.0122997,69.2
693,0.521695,0.951358,-0.480744,29.8909,54.5088,-27.5446,0.0118506,0.02,-0.0122997,69.3
694,0.52288,0.953358,-0.481974,29.9588,54.6234,-27.6151,0.0118506,0.02,-0.0122997,69.4
695,0.524065,0.955358,-0.483204,30.0267,54.738,-27.6856,0.0118506,0.02,-0.0122997,69.5
696,0.52525,0.957358,-0.484434,30.0946,54.8526,-27.756,0.0118506,0.02,-0.0122997,69.6
697,0.526436,0.959358,-0.485664,30.1625,54.9672,-27.8265,0.0118506,0.02,-0.0122997,69.7
698,0.527621,0.961358,-0.486894,30.2304,55.0818,-27.897,0.0118506,0.02,-0.0122997,69.8
699,0.528806,0.963358,-0.488124,30.2983,55.1963,-27.9675,0.0118506,0.02,-0.0122997,69.9
700,0.529991,0.965358,-0.489354,30.3662,55.3109,-28.0379,0.0118506,0.02,-0.0122997,70
701,0.531176,0.967358,-0.490584,30.4341,55.4255,-28.1084,0.0118506,0.02,-0.0122997,70.1
702,0.532361,0.969358,-0.491814,30.502,55.5401,-28.1789,0.0118506,0.02,-0.0122997,70.2
703,0.533546,0.971358,-0.493044,30.5699,55.6547,-28.2493,0.0118506,0.02,-0.0122997,70.3
704,0.534731,0.973358,-0.494274,30.6378,55.7693,-28.3198,0.0118506,0.02,-0.0122997,70.4
705,0.535916,0.975358,-0.495504,30.7057,55.8839,-28.3903,0.0118506,0.02,-0.0122997,70.5
706,0.537101,0.977358,-0.496734,30.7736,55.9985,-28.4608,0.0118506,0.02,-0.0122997,70.6
707,0.538286,0.979358,-0.497964,30.8415,56.1131,-28.5312,0.0118506,0.02,-0.0122997,70.7
708,0.539471,0.981358,-0.499194,30.9094,56.2277,-28.6017,0.0118506,0.02,-0.0122997,70.8
709,0.540656,0.983358,-0.500424,30.9773,56.3423,-28.6722,0.0118506,0.02,-0.0122997,70.9
710,0.541841,0.985358,-0.501654,31.0452,56.4569,-28.7427,0.0118506,0.02,-0.0122997,71
711,0.543026,0.987358,-0.502884,31.1131,56.5714,-28.8131,0.0118506,0.02,-0.0122997,71.1
712,0.544211,0.989358,-0.504114,31.181,56.686,-28.8836,0.0118506,0.02,-0.0122997,71.2
713,0.545396,0.991358,-0.505344,31.2489,56.8006,-28.9541,0.0118506,0.02,-0.0122997,71.3
714,0.546582,0.993358,-0.506574,31.3168,56.9152,-29.0245,0.0118506,0.02,-0.0122997,71.4
715,0.547767,0.995358,-0.507804,31.3847,57.0298,-29.095,0.0118506,0.02,-0.0122997,71.5
716,0.548952,0.997358,-0.509034,31.4526,57.1444,-29.1655,0.0118506,0.02,-0.0122997,71.6
717,0.550137,0.999358,-0.510264,31.5205,57.259,-29.236,0.0118506,0.02,-0.0122997,71.7
718,0.551322,1.00136,-0.511494,31.5884,57.3736,-29.3064,0.0118506,0.02,-0.0122997,71.8
719,0.552507,1.00336,-0.512724,31.6563,57.4882,-29.3769,0.0118506,0.02,-0.0122997,71.9
720,0.553692,1.00536,-0.513954,31.7242,57.6028,-29.4474,0.0118506,0.02,-0.0122997,72
721,0.554877,1.00736,-0.515184,31.7921,57.7174,-29.5178,0.0118506,0.02,-0.0122997,72.1
722,0.556062,1.00936,-0.516414,31.86,57.832,-29.5883,0.0118506,0.02,-0.0122997,72.2
723,0.557247,1.01136,-0.517644,31.9279,57.9465,-29.6588,0.0118506,0.02,-0.0122997,72.3
724,0.558432,1.01336,-0.518874,31.9958,58.0611,-29.7293,0.0118506,0.02,-0.0122997,72.4
725,0.559617,1.01536,-0.520103,32.0637,58.1757,-29.7997,0.0118506,0.02,-0.0122997,72.5
726,0.560802,1.01736,-0.521333,32.1316,58.2903,-29.8702,0.0118506,0.02,-0.0122997,72.6
727,0.561987,1.01936,-0.522563,32.1995,58.4049,-29.9407,0.0118506,0.02,-0.0122997,72.7
728,0.563172,1.02136,-0.523793,32.2674,58.5195,-30.0112,0.0118506,0.02,-0.0122997,72.8
729,0.564357,1.02336,-0.525023,32.3353,58.6341,-30.0816,0.0118506,0.02,-0.0122997,72.9
730,0.565543,1.02536,-0.526253,32.4032,58.7487,-30.1521,0.0118506,0.02,-0.0122997,73
731,0.566728,1.02736,-0.527483,32.4711,58.8633,-30.2226,0.0118506,0.02,-0.0122997,73.1
732,0.567913,1.02936,-0.528713,32.539,58.9779,-30.293,0.0118506,0.02,-0.0122997,73.2
733,0.569098,1.03136,-0.529943,32.6069,59.0925,-30.3635,0.0118506,0.02,-0.0122997,73.3
734,0.570283,1.03336,-0.531173,32.6748,59.2071,-30.434,0.0118506,0.02,-0.0122997,73.4
735,0.571468,1.03536,-0.532403,32.7427,59.3216,-30.5045,0.0118506,0.02,-0.0122997,73.5
736,0.572653,1.03736,-0.533633,32.8106,59.4362,-30.5749,0.0118506,0.02,-0.0122997,73.6
737,0.573838,1.03936,-0.534863,32.8785,59.5508,-30.6454,0.0118506,0.02,-0.0122997,73.7
738,0.575023,1.04136,-0.536093,32.9464,59.6654,-30.7159,0.0118506,0.02,-0.0122997,73.8
739,0.576208,1.04336,-0.537323,33.0143,59.78,-30.7863,0.0118506,0.02,-0.0122997,73.9
740,0.577393,1.04536,-0.538553,33.0822,59.8946,-30.8568,0.0118506,0.02,-0.0122997,74
741,0.578578,1.04736,-0.539783,33.1501,60.0092,-30.9273,0.0118506,0.02,-0.0122997,74.1
742,0.579763,1.04936,-0.541013,33.218,60.1238,-30.9978,0.0118506,0.02,-0.0122997,74.2
743,0.580948,1.05136,-0.542243,33.2859,60.2384,-31.0682,0.0118506,0.02,-0.0122997,74.3
744,0.582133,1.05336,-0.543473,33.3538,60.353,-31.1387,0.0118506,0.02,-0.0122997,74.4
745,0.583318,1.05536,-0.544703,33.4217,60.4676,-31.2092,0.0118506,0.02,-0.0122997,74.5
746,0.584503,1.05736,-0.545933,33.4896,60.5822,-31.2797,0.0118506,0.02,-0.0122997,74.6
747,0.585689,1.05936,-0.547163,33.5575,60.6967,-31.3501,0.0118506,0.02,-0.0122997,74.7
748,0.586874,1.06136,-0.548393,33.6254,60.8113,-31.4206,0.0118506,0.02,-0.0122997,74.8
749,0.588059,1.06336,-0.549623,33.6933,60.9259,-31.4911,0.0118506,0.02,-0.0122997,74.9
750,0.589244,1.06536,-0.550853,33.7612,61.0405,-31.5615,0.0118506,0.02,-0.0122997,75
751,0.590429,1.06736,-0.552083,33.8291,61.1551,-31.632,0.0118506,0.02,-0.0122997,75.1
752,0.591614,1.06936,-0.553313,33.897,61.2697,-31.7025,0.0118506,0.02,-0.0122997,75.2
753,0.592799,1.07136,-0.554543,33.9649,61.3843,-31.773,0.0118506,0.02,-0.0122997,75.3
754,0.593984,1.07336,-0.555773,34.0328,61.4989,-31.8434,0.0118506,0.02,-0.0122997,75.4
755,0.595169,1.07536,-0.557003,34.1007,61.6135,-31.9139,0.0118506,0.02,-0.0122997,75.5
756,0.596354,1.07736,-0.558233,34.1686,61.7281,-31.9844,0.0118506,0.02,-0.0122997,75.6
757,0.597539,1.07936,-0.559463,34.2365,61.8427,-32.0548,0.0118506,0.02,-0.0122997,75.7
758,0.598724,1.08136,-0.560693,34.3044,61.9572,-32.1253,0.0118506,0.02,-0.0122997,75.8
759,0.599909,1.08336,-0.561923,34.3723,62.0718,-32.1958,0.0118506,0.02,-0.0122997,75.9
760,0.601094,1.08536,-0.563153,34.4402,62.1864,-32.2663,0.0118506,0.02,-0.0122997,76
761,0.602279,1.08736,-0.564382,34.5081,62.301,-32.3367,0.0118506,0.02,-0.0122997,76.1
762,0.603464,1.08936,-0.565612,34.576,62.4156,-32.4072,0.0118506,0.02,-0.0122997,76.2
763,0.60465,1.09136,-0.566842,34.6439,62.5302,-32.4777,0.0118506,0.02,-0.0122997,76.3
764,0.605835,1.09336,-0.568072,34.7118,62.6448,-32.5482,0.0118506,0.02,-0.0122997,76.4
765,0.60702,1.09536,-0.569302,34.7797,62.7594,-32.6186,0.0118506,0.02,-0.0122997,76.5
766,0.608205,1.09736,-0.570532,34.8476,62.874,-32.6891,0.0118506,0.02,-0.0122997,76.6
767,0.60939,1.09936,-0.571762,34.9155,62.9886,-32.7596,0.0118506,0.02,-0.0122997,76.7
768,0.610575,1.10136,-0.572992,34.9834,63.1032,-32.83,0.0118506,0.02,-0.0122997,76.8
769,0.61176,1.10336,-0.574222,35.0513,63.2178,-32.9005,0.0118506,0.02,-0.0122997,76.9
770,0.612945,1.10536,-0.575452,35.1192,63.3323,-32.971,0.0118506,0.02,-0.0122997,77
771,0.61413,1.10736,-0.576682,35.1871,63.4469,-33.0415,0.0118506,0.02,-0.0122997,77.1
772,0.615315,1.10936,-0.577912,35.255,63.5615,-33.1119,0.0118506,0.02,-0.0122997,77.2
773,0.6165,1.11136,-0.579142,35.3229,63.6761,-33.1824,0.0118506,0.02,-0.0122997,77.3
774,0.617685,1.11336,-0.580372,35.3908,63.7907,-33.2529,0.0118506,0.02,-0.0122997,77.4
775,0.61887,1.11536,-0.581602,35.4587,63.9053,-33.3233,0.0118506,0.02,-0.0122997,77.5
776,0.620055,1.11736,-0.582832,35.5266,64.0199,-33.3938,0.0118506,0.02,-0.0122997,77.6
777,0.62124,1.11936,-0.584062,35.5945,64.1345,-33.4643,0.0118506,0.02,-0.0122997,77.7
778,0.622425,1.12136,-0.585292,35.6623,64.2491,-33.5348,0.0118506,0.02,-0.0122997,77.8
779,0.62361,1.12336,-0.586522,35.7302,64.3637,-33.6052,0.0118506,0.02,-0.0122997,77.9
780,0.624796,1.12536,-0.587752,35.7981,64.4783,-33.6757,0.0118506,0.02,-0.0122997,78
781,0.625981,1.12736,-0.588982,35.866,64.5929,-33.7462,0.0118506,0.02,-0.0122997,78.1
782,0.627166,1.12936,-0.590212,35.9339,64.7074,-33.8167,0.0118506,0.02,-0.0122997,78.2
783,0.628351,1.13136,-0.591442,36.0018,64.822,-33.8871,0.0118506,0.02,-0.0122997,78.3
784,0.629536,1.13336,-0.592672,36.0697,64.9366,-33.9576,0.0118506,0.02,-0.0122997,78.4
785,0.630721,1.13536,-0.593902,36.1376,65.0512,-34.0281,0.0118506,0.02,-0.0122997,78.5
786,0.631906,1.13736,-0.595132,36.2055,65.1658,-34.0985,0.0118506,0.02,-0.0122997,78.6
787,0.633091,1.13936,-0.596362,36.2734,65.2804,-34.169,0.0118506,0.02,-0.0122997,78.7
788,0.634276,1.14136,-0.597592,36.3413,65.395,-34.2395,0.0118506,0.02,-0.0122997,78.8
789,0.635461,1.14336,-0.598822,36.4092,65.5096,-34.31,0.0118506,0.02,-0.0122997,78.9
790,0.636646,1.14536,-0.600052,36.4771,65.6242,-34.3804,0.0118506,0.02,-0.0122997,79
791,0.637831,1.14736,-0.601282,36.545,65.7388,-34.4509,0.0118506,0.02,-0.0122997,79.1
792,0.639016,1.14936,-0.602512,36.6129,65.8534,-34.5214,0.0118506,0.02,-0.0122997,79.2
793,0.640201,1.15136,-0.603742,36.6808,65.968,-34.5918,0.0118506,0.02,-0.0122997,79.3
794,0.641386,1.15336,-0.604972,36.7487,66.0825,-34.6623,0.0118506,0.02,-0.0122997,79.4
795,0.642571,1.15536,-0.606202,36.8166,66.1971,-34.7328,0.0118506,0.02,-0.0122997,79.5
796,0.643756,1.15736,-0.607431,36.8845,66.3117,-34.8033,0.0118506,0.02,-0.0122997,79.6
797,0.644942,1.15936,-0.608661,36.9524,66.4263,-34.8737,0.0118506,0.02,-0.0122997,79.7
798,0.646127,1.16136,-0.609891,37.0203,66.5409,-34.9442,0.0118506,0.02,-0.0122997,79.8
799,0.647312,1.16336,-0.611121,37.0882,66.6555,-35.0147,0.0118506,0.02,-0.0122997,79.9
800,0.648497,1.16536,-0.612351,37.1561,66.7701,-35.0851,0.0118506,0.02,-0.0122997,80
801,0.649682,1.16736,-0.613581,37.224,66.8847,-35.1556,0.0118506,0.02,-0.0122997,80.1
802,0.650867,1.16936,-0.614811,37.2919,66.9993,-35.2261,0.0118506,0.02,-0.0122997,80.2
803,0.652052,1.17136,-0.616041,37.3598,67.1139,-35.2966,0.0118506,0.02,-0.0122997,80.3
804,0.653237,1.17336,-0.617271,37.4277,67.2285,-35.367,0.0118506,0.02,-0.0122997,80.4
805,0.654422,1.17536,-0.618501,37.4956,67.3431,-35.4375,0.0118506,0.02,-0.0122997,80.5
806,0.655607,1.17736,-0.619731,37.5635,67.4576,-35.508,0.0118506,0.02,-0.0122997,80.6
807,0.656792,1.17936,-0.620961,37.6314,67.5722,-35.5785,0.0118506,0.02,-0.0122997,80.7
808,0.657977,1.18136,-0.622191,37.6993,67.6868,-35.6489,0.0118506,0.02,-0.0122997,80.8
809,0.659162,1.18336,-0.623421,37.7672,67.8014,-35.7194,0.0118506,0.02,-0.0122997,80.9
810,0.660347,1.18536,-0.624651,37.8351,67.916,-35.7899,0.0118506,0.02,-0.0122997,81
811,0.661532,1.18736,-0.625881,37.903,68.0306,-35.8603,0.0118506,0.02,-0.0122997,81.1
812,0.662717,1.18936,-0.627111,37.9709,68.1452,-35.9308,0.0118506,0.02,-0.0122997,81.2
813,0.663903,1.19136,-0.628341,38.0388,68.2598,-36.0013,0.0118506,0.02,-0.0122997,81.3
814,0.665088,1.19336,-0.629571,38.1067,68.3744,-36.0718,0.0118506,0.02,-0.0122997,81.4
815,0.666273,1.19536,-0.630801,38.1746,68.489,-36.1422,0.0118506,0.02,-0.0122997,81.5
816,0.667458,1.19736,-0.632031,38.2425,68.6036,-36.2127,0.0118506,0.02,-0.0122997,81.6
817,0.668643,1.19936,-0.633261,38.3104,68.7182,-36.2832,0.0118506,0.02,-0.0122997,81.7
818,0.669828,1.20136,-0.634491,38.3783,68.8327,-36.3536,0.0118506,0.02,-0.0122997,81.8
819,0.671013,1.20336,-0.635721,38.4462,68.9473,-36.4241,0.0118506,0.02,-0.0122997,81.9
820,0.672198,1.20536,-0.636951,38.5141,69.0619,-36.4946,0.0118506,0.02,-0.0122997,82
821,0.673383,1.20736,-0.638181,38.582,69.1765,-36.5651,0.0118506,0.02,-0.0122997,82.1
822,0.674568,1.20936,-0.639411,38.6499,69.2911,-36.6355,0.0118506,0.02,-0.0122997,82.2
823,0.675753,1.21136,-0.640641,38.7178,69.4057,-36.706,0.0118506,0.02,-0.0122997,82.3
824,0.676938,1.21336,-0.641871,38.7857,69.5203,-36.7765,0.0118506,0.02,-0.0122997,82.4
825,0.678123,1.21536,-0.643101,38.8536,69.6349,-36.847,0.0118506,0.02,-0.0122997,82.5
826,0.679308,1.21736,-0.644331,38.9215,69.7495,-36.9174,0.0118506,0.02,-0.0122997,82.6
827,0.680493,1.21936,-0.645561,38.9894,69.8641,-36.9879,0.0118506,0.02,-0.0122997,82.7
828,0.681678,1.22136,-0.646791,39.0573,69.9787,-37.0584,0.0118506,0.02,-0.0122997,82.8
829,0.682863,1.22336,-0.648021,39.1252,70.0933,-37.1288,0.0118506,0.02,-0.0122997,82.9
830,0.684049,1.22536,-0.649251,39.1931,70.2078,-37.1993,0.0118506,0.02,-0.0122997,83
831,0.685234,1.22736,-0.650481,39.261,70.3224,-37.2698,0.0118506,0.02,-0.0122997,83.1
832,0.686419,1.22936,-0.65171,39.3289,70.437,-37.3403,0.0118506,0.02,-0.0122997,83.2
833,0.687604,1.23136,-0.65294,39.3968,70.5516,-37.4107,0.0118506,0.02,-0.0122997,83.3
834,0.688789,1.23336,-0.65417,39.4647,70.6662,-37.4812,0.0118506,0.02,-0.0122997,83.4
835,0.689974,1.23536,-0.6554,39.5326,70.7808,-37.5517,0.0118506,0.02,-0.0122997,83.5
836,0.691159,1.23736,-0.65663,39.6005,70.8954,-37.6221,0.0118506,0.02,-0.0122997,83.6
837,0.692344,1.23936,-0.65786,39.6684,71.01,-37.6926,0.0118506,0.02,-0.0122997,83.7
838,0.693529,1.24136,-0.65909,39.7363,71.1246,-37.7631,0.0118506,0.02,-0.0122997,83.8
839,0.694714,1.24336,-0.66032,39.8042,71.2392,-37.8336,0.0118506,0.02,-0.0122997,83.9
840,0.695899,1.24536,-0.66155,39.8721,71.3538,-37.904,0.0118506,0.02,-0.0122997,84
841,0.697084,1.24736,-0.66278,39.94,71.4683,-37.9745,0.0118506,0.02,-0.0122997,84.1
842,0.698269,1.24936,-0.66401,40.0079,71.5829,-38.045,0.0118506,0.02,-0.0122997,84.2
843,0.699454,1.25136,-0.66524,40.0758,71.6975,-38.1155,0.0118506,0.02,-0.0122997,84.3
844,0.700639,1.25336,-0.66647,40.1437,71.8121,-38.1859,0.0118506,0.02,-0.0122997,84.4
845,0.701824,1.25536,-0.6677,40.2116,71.9267,-38.2564,0.0118506,0.02,-0.0122997,84.5
846,0.70301,1.25736,-0.66893,40.2795,72.0413,-38.3269,0.0118506,0.02,-0.0122997,84.6
847,0.704195,1.25936,-0.67016,40.3474,72.1559,-38.3973,0.0118506,0.02,-0.0122997,84.7
848,0.70538,1.26136,-0.67139,40.4153,72.2705,-38.4678,0.0118506,0.02,-0.0122997,84.8
849,0.706565,1.26336,-0.67262,40.4832,72.3851,-38.5383,0.0118506,0.02,-0.0122997,84.9
850,0.70775,1.26536,-0.67385,40.5511,72.4997,-38.6088,0.0118506,0.02,-0.0122997,85
851,0.708935,1.26736,-0.67508,40.619,72.6143,-38.6792,0.0118506,0.02,-0.0122997,85.1
852,0.71012,1.26936,-0.67631,40.6869,72.7289,-38.7497,0.0118506,0.02,-0.0122997,85.2
853,0.711305,1.27136,-0.67754,40.7548,72.8434,-38.8202,0.0118506,0.02,-0.0122997,85.3
854,0.71249,1.27336,-0.67877,40.8227,72.958,-38.8906,0.0118506,0.02,-0.0122997,85.4
855,0.713675,1.27536,-0.68,40.8906,73.0726,-38.9611,0.0118506,0.02,-0.0122997,85.5
856,0.71486,1.27736,-0.68123,40.9585,73.1872,-39.0316,0.0118506,0.02,-0.0122997,85.6
857,0.716045,1.27936,-0.68246,41.0264,73.3018,-39.1021,0.0118506,0.02,-0.0122997,85.7
858,0.71723,1.28136,-0.68369,41.0943,73.4164,-39.1725,0.0118506,0.02,-0.0122997,85.8
859,0.718415,1.28336,-0.68492,41.1622,73.531,-39.243,0.0118506,0.02,-0.0122997,85.9
860,0.7196,1.28536,-0.68615,41.2301,73.6456,-39.3135,0.0118506,0.02,-0.0122997,86
861,0.720785,1.28736,-0.68738,41.298,73.7602,-39.384,0.0118506,0.02,-0.0122997,86.1
862,0.72197,1.28936,-0.68861,41.3659,73.8748,-39.4544,0.0118506,0.02,-0.0122997,86.2
863,0.723156,1.29136,-0.68984,41.4338,73.9894,-39.5249,0.0118506,0.02,-0.0122997,86.3
864,0.724341,1.29336,-0.69107,41.5017,74.104,-39.5954,0.0118506,0.02,-0.0122997,86.4
865,0.725526,1.29536,-0.6923,41.5696,74.2185,-39.6658,0.0118506,0.02,-0.0122997,86.5
866,0.726711,1.29736,-0.69353,41.6375,74.3331,-39.7363,0.0118506,0.02,-0.0122997,86.6
867,0.727896,1.29936,-0.694759,41.7054,74.4477,-39.8068,0.0118506,0.02,-0.0122997,86.7
868,0.729081,1.30136,-0.695989,41.7733,74.5623,-39.8773,0.0118506,0.02,-0.0122997,86.8
869,0.730266,1.30336,-0.697219,41.8412,74.6769,-39.9477,0.0118506,0.02,-0.0122997,86.9
870,0.731451,1.30536,-0.698449,41.9091,74.7915,-40.0182,0.0118506,0.02,-0.0122997,87
871,0.732636,1.30736,-0.699679,41.977,74.9061,-40.0887,0.0118506,0.02,-0.0122997,87.1
872,0.733821,1.30936,-0.700909,42.0449,75.0207,-40.1591,0.0118506,0.02,-0.0122997,87.2
873,0.735006,1.31136,-0.702139,42.1127,75.1353,-40.2296,0.0118506,0.02,-0.0122997,87.3
874,0.736191,1.31336,-0.703369,42.1806,75.2499,-40.3001,0.0118506,0.02,-0.0122997,87.4
875,0.737376,1.31536,-0.704599,42.2485,75.3645,-40.3706,0.0118506,0.02,-0.0122997,87.5
876,0.738561,1.31736,-0.705829,42.3164,75.4791,-40.441,0.0118506,0.02,-0.0122997,87.6
877,0.739746,1.31936,-0.707059,42.3843,75.5936,-40.5115,0.0118506,0.02,-0.0122997,87.7
878,0.740931,1.32136,-0.708289,42.4522,75.7082,-40.582,0.0118506,0.02,-0.0122997,87.8
879,0.742117,1.32336,-0.709519,42.5201,75.8228,-40.6525,0.0118506,0.02,-0.0122997,87.9
880,0.743302,1.32536,-0.710749,42.588,75.9374,-40.7229,0.0118506,0.02,-0.0122997,88
881,0.744487,1.32736,-0.711979,42.6559,76.052,-40.7934,0.0118506,0.02,-0.0122997,88.1
882,0.745672,1.32936,-0.713209,42.7238,76.1666,-40.8639,0.0118506,0.02,-0.0122997,88.2
883,0.746857,1.33136,-0.714439,42.7917,76.2812,-40.9343,0.0118506,0.02,-0.0122997,88.3
884,0.748042,1.33336,-0.715669,42.8596,76.3958,-41.0048,0.0118506,0.02,-0.0122997,88.4
885,0.749227,1.33536,-0.716899,42.9275,76.5104,-41.0753,0.0118506,0.02,-0.0122997,88.5
886,0.750412,1.33736,-0.718129,42.9954,76.625,-41.1458,0.0118506,0.02,-0.0122997,88.6
887,0.751597,1.33936,-0.719359,43.0633,76.7396,-41.2162,0.0118506,0.02,-0.0122997,88.7
888,0.752782,1.34136,-0.720589,43.1312,76.8542,-41.2867,0.0118506,0.02,-0.0122997,88.8
889,0.753967,1.34336,-0.721819,43.1991,76.9687,-41.3572,0.0118506,0.02,-0.0122997,88.9
890,0.755152,1.34536,-0.723049,43.267,77.0833,-41.4276,0.0118506,0.02,-0.0122997,89
891,0.756337,1.34736,-0.724279,43.3349,77.1979,-41.4981,0.0118506,0.02,-0.0122997,89.1
892,0.757522,1.34936,-0.725509,43.4028,77.3125,-41.5686,0.0118506,0.02,-0.0122997,89.2
893,0.758707,1.35136,-0.726739,43.4707,77.4271,-41.6391,0.0118506,0.02,-0.0122997,89.3
894,0.759892,1.35336,-0.727969,43.5386,77.5417,-41.7095,0.0118506,0.02,-0.0122997,89.4
895,0.761077,1.35536,-0.729199,43.6065,77.6563,-41.78,0.0118506,0.02,-0.0122997,89.5
896,0.762263,1.35736,-0.730429,43.6744,77.7709,-41.8505,0.0118506,0.02,-0.0122997,89.6
897,0.763448,1.35936,-0.731659,43.7423,77.8855,-41.921,0.0118506,0.02,-0.0122997,89.7
898,0.764633,1.36136,-0.732889,43.8102,78.0001,-41.9914,0.0118506,0.02,-0.0122997,89.8
899,0.765818,1.36336,-0.734119,43.8781,78.1147,-42.0619,0.0118506,0.02,-0.0122997,89.9
900,0.767003,1.36536,-0.735349,43.946,78.2293,-42.1324,0.0118506,0.02,-0.0122997,90
901,0.768188,1.36736,-0.736579,44.0139,78.3438,-42.2028,0.0118506,0.02,-0.0122997,90.1
902,0.769373,1.36936,-0.737808,44.0818,78.4584,-42.2733,0.0118506,0.02,-0.0122997,90.2
903,0.770558,1.37136,-0.739038,44.1497,78.573,-42.3438,0.0118506,0.02,-0.0122997,90.3
904,0.771743,1.37336,-0.740268,44.2176,78.6876,-42.4143,0.0118506,0.02,-0.0122997,90.4
905,0.772928,1.37536,-0.741498,44.2855,78.8022,-42.4847,0.0118506,0.02,-0.0122997,90.5
906,0.774113,1.37736,-0.742728,44.3534,78.9168,-42.5552,0.0118506,0.02,-0.0122997,90.6
907,0.775298,1.37936,-0.743958,44.4213,79.0314,-42.6257,0.0118506,0.02,-0.0122997,90.7
908,0.776483,1.38136,-0.745188,44.4892,79.146,-42.6961,0.0118506,0.02,-0.0122997,90.8
909,0.777668,1.38336,-0.746418,44.5571,79.2606,-42.7666,0.0118506,0.02,-0.0122997,90.9
910,0.778853,1.38536,-0.747648,44.625,79.3752,-42.8371,0.0118506,0.02,-0.0122997,91
911,0.780038,1.38736,-0.748878,44.6929,79.4898,-42.9076,0.0118506,0.02,-0.0122997,91.1
912,0.781223,1.38936,-0.750108,44.7608,79.6043,-42.978,0.0118506,0.02,-0.0122997,91.2
913,0.782409,1.39136,-0.751338,44.8287,79.7189,-43.0485,0.0118506,0.02,-0.0122997,91.3
914,0.783594,1.39336,-0.752568,44.8966,79.8335,-43.119,0.0118506,0.02,-0.0122997,91.4
915,0.784779,1.39536,-0.753798,44.9645,79.9481,-43.1895,0.0118506,0.02,-0.0122997,91.5
916,0.785964,1.39736,-0.755028,45.0324,80.0627,-43.2599,0.0118506,0.02,-0.0122997,91.6
917,0.787149,1.39936,-0.756258,45.1003,80.1773,-43.3304,0.0118506,0.02,-0.0122997,91.7
918,0.788334,1.40136,-0.757488,45.1682,80.2919,-43.4009,0.0118506,0.02,-0.0122997,91.8
919,0.789519,1.40336,-0.758718,45.2361,80.4065,-43.4713,0.0118506,0.02,-0.0122997,91.9
920,0.790704,1.40536,-0.759948,45.304,80.5211,-43.5418,0.0118506,0.02,-0.0122997,92
921,0.791889,1.40736,-0.761178,45.3719,80.6357,-43.6123,0.0118506,0.02,-0.0122997,92.1
922,0.793074,1.40936,-0.762408,45.4398,80.7503,-43.6828,0.0118506,0.02,-0.0122997,92.2
923,0.794259,1.41136,-0.763638,45.5077,80.8649,-43.7532,0.0118506,0.02,-0.0122997,92.3
924,0.795444,1.41336,-0.764868,45.5756,80.9794,-43.8237,0.0118506,0.02,-0.0122997,92.4
925,0.796629,1.41536,-0.766098,45.6435,81.094,-43.8942,0.0118506,0.02,-0.0122997,92.5
926,0.797814,1.41736,-0.767328,45.7114,81.2086,-43.9646,0.0118506,0.02,-0.0122997,92.6
927,0.798999,1.41936,-0.768558,45.7793,81.3232,-44.0351,0.0118506,0.02,-0.0122997,92.7
928,0.800184,1.42136,-0.769788,45.8472,81.4378,-44.1056,0.0118506,0.02,-0.0122997,92.8
929,0.80137,1.42336,-0.771018,45.9151,81.5524,-44.1761,0.0118506,0.02,-0.0122997,92.9
930,0.802555,1.42536,-0.772248,45.983,81.667,-44.2465,0.0118506,0.02,-0.0122997,93
931,0.80374,1.42736,-0.773478,46.0509,81.7816,-44.317,0.0118506,0.02,-0.0122997,93.1
932,0.804925,1.42936,-0.774708,46.1188,81.8962,-44.3875,0.0118506,0.02,-0.0122997,93.2
933,0.80611,1.43136,-0.775938,46.1867,82.0108,-44.458,0.0118506,0.02,-0.0122997,93.3
934,0.807295,1.43336,-0.777168,46.2546,82.1254,-44.5284,0.0118506,0.02,-0.0122997,93.4
935,0.80848,1.43536,-0.778398,46.3225,82.24,-44.5989,0.0118506,0.02,-0.0122997,93.5
936,0.809665,1.43736,-0.779628,46.3904,82.3545,-44.6694,0.0118506,0.02,-0.0122997,93.6
937,0.81085,1.43936,-0.780858,46.4583,82.4691,-44.7398,0.0118506,0.02,-0.0122997,93.7
938,0.812035,1.44136,-0.782087,46.5262,82.5837,-44.8103,0.0118506,0.02,-0.0122997,93.8
939,0.81322,1.44336,-0.783317,46.5941,82.6983,-44.8808,0.0118506,0.02,-0.0122997,93.9
940,0.814405,1.44536,-0.784547,46.662,82.8129,-44.9513,0.0118506,0.02,-0.0122997,94
941,0.81559,1.44736,-0.785777,46.7299,82.9275,-45.0217,0.0118506,0.02,-0.0122997,94.1
942,0.816775,1.44936,-0.787007,46.7978,83.0421,-45.0922,0.0118506,0.02,-0.0122997,94.2
943,0.81796,1.45136,-0.788237,46.8657,83.1567,-45.1627,0.0118506,0.02,-0.0122997,94.3
944,0.819145,1.45336,-0.789467,46.9336,83.2713,-45.2331,0.0118506,0.02,-0.0122997,94.4
945,0.82033,1.45536,-0.790697,47.0015,83.3859,-45.3036,0.0118506,0.02,-0.0122997,94.5
946,0.821516,1.45736,-0.791927,47.0694,83.5005,-45.3741,0.0118506,0.02,-0.0122997,94.6
947,0.822701,1.45936,-0.793157,47.1373,83.6151,-45.4446,0.0118506,0.02,-0.0122997,94.7
948,0.823886,1.46136,-0.794387,47.2052,83.7296,-45.515,0.0118506,0.02,-0.0122997,94.8
949,0.825071,1.46336,-0.795617,47.2731,83.8442,-45.5855,0.0118506,0.02,-0.0122997,94.9
950,0.826256,1.46536,-0.796847,47.341,83.9588,-45.656,0.0118506,0.02,-0.0122997,95
951,0.827441,1.46736,-0.798077,47.4089,84.0734,-45.7265,0.0118506,0.02,-0.0122997,95.1
952,0.828626,1.46936,-0.799307,47.4768,84.188,-45.7969,0.0118506,0.02,-0.0122997,95.2
953,0.829811,1.47136,-0.800537,47.5447,84.3026,-45.8674,0.0118506,0.02,-0.0122997,95.3
954,0.830996,1.47336,-0.801767,47.6126,84.4172,-45.9379,0.0118506,0.02,-0.0122997,95.4
955,0.832181,1.47536,-0.802997,47.6805,84.5318,-46.0083,0.0118506,0.02,-0.0122997,95.5
956,0.833366,1.47736,-0.804227,47.7484,84.6464,-46.0788,0.0118506,0.02,-0.0122997,95.6
957,0.834551,1.47936,-0.805457,47.8163,84.761,-46.1493,0.0118506,0.02,-0.0122997,95.7
958,0.835736,1.48136,-0.806687,47.8842,84.8756,-46.2198,0.0118506,0.02,-0.0122997,95.8
959,0.836921,1.48336,-0.807917,47.9521,84.9902,-46.2902,0.0118506,0.02,-0.0122997,95.9
960,0.838106,1.48536,-0.809147,48.02,85.1047,-46.3607,0.0118506,0.02,-0.0122997,96
961,0.839291,1.48736,-0.810377,48.0879,85.2193,-46.4312,0.0118506,0.02,-0.0122997,96.1
962,0.840477,1.48936,-0.811607,48.1558,85.3339,-46.5016,0.0118506,0.02,-0.0122997,96.2
963,0.841662,1.49136,-0.812837,48.2237,85.4485,-46.5721,0.0118506,0.02,-0.0122997,96.3
964,0.842847,1.49336,-0.814067,48.2916,85.5631,-46.6426,0.0118506,0.02,-0.0122997,96.4
965,0.844032,1.49536,-0.815297,48.3595,85.6777,-46.7131,0.0118506,0.02,-0.0122997,96.5
966,0.845217,1.49736,-0.816527,48.4274,85.7923,-46.7835,0.0118506,0.02,-0.0122997,96.6
967,0.846402,1.49936,-0.817757,48.4953,85.9069,-46.854,0.0118506,0.02,-0.0122997,96.7
968,0.847587,1.50136,-0.818987,48.5632,86.0215,-46.9245,0.0118506,0.02,-0.0122997,96.8
969,0.848772,1.50336,-0.820217,48.631,86.1361,-46.9949,0.0118506,0.02,-0.0122997,96.9
970,0.849957,1.50536,-0.821447,48.6989,86.2507,-47.0654,0.0118506,0.02,-0.0122997,97
971,0.851142,1.50736,-0.822677,48.7668,86.3653,-47.1359,0.0118506,0.02,-0.0122997,97.1
972,0.852327,1.50936,-0.823907,48.8347,86.4798,-47.2064,0.0118506,0.02,-0.0122997,97.2
973,0.853512,1.51136,-0.825136,48.9026,86.5944,-47.2768,0.0118506,0.02,-0.0122997,97.3
974,0.854697,1.51336,-0.826366,48.9705,86.709,-47.3473,0.0118506,0.02,-0.0122997,97.4
975,0.855882,1.51536,-0.827596,49.0384,86.8236,-47.4178,0.0118506,0.02,-0.0122997,97.5
976,0.857067,1.51736,-0.828826,49.1063,86.9382,-47.4883,0.0118506,0.02,-0.0122997,97.6
977,0.858252,1.51936,-0.830056,49.1742,87.0528,-47.5587,0.0118506,0.02,-0.0122997,97.7
978,0.859437,1.52136,-0.831286,49.2421,87.1674,-47.6292,0.0118506,0.02,-0.0122997,97.8
979,0.860623,1.52336,-0.832516,49.31,87.282,-47.6997,0.0118506,0.02,-0.0122997,97.9
980,0.861808,1.52536,-0.833746,49.3779,87.3966,-47.7701,0.0118506,0.02,-0.0122997,98
981,0.862993,1.52736,-0.834976,49.4458,87.5112,-47.8406,0.0118506,0.02,-0.0122997,98.1
982,0.864178,1.52936,-0.836206,49.5137,87.6258,-47.9111,0.0118506,0.02,-0.0122997,98.2
983,0.865363,1.53136,-0.837436,49.5816,87.7404,-47.9816,0.0118506,0.02,-0.0122997,98.3
984,0.866548,1.53336,-0.838666,49.6495,87.8549,-48.052,0.0118506,0.02,-0.0122997,98.4
985,0.867733,1.53536,-0.839896,49.7174,87.9695,-48.1225,0.0118506,0.02,-0.0122997,98.5
986,0.868918,1.53736,-0.841126,49.7853,88.0841,-48.193,0.0118506,0.02,-0.0122997,98.6
987,0.870103,1.53936,-0.842356,49.8532,88.1987,-48.2634,0.0118506,0.02,-0.0122997,98.7
988,0.871288,1.54136,-0.843586,49.9211,88.3133,-48.3339,0.0118506,0.02,-0.0122997,98.8
989,0.872473,1.54336,-0.844816,49.989,88.4279,-48.4044,0.0118506,0.02,-0.0122997,98.9
990,0.873658,1.54536,-0.846046,50.0569,88.5425,-48.4749,0.0118506,0.02,-0.0122997,99
991,0.874841,1.54735,-0.847274,50.1247,88.6569,-48.5452,0.0103874,0.0175306,-0.0107811,99.1
992,0.874932,1.54751,-0.847369,50.1299,88.6657,-48.5506,9.53989e-16,1.61003e-15,-9.90143e-16,99.1175
